/* IMPORTANT INFO

Unfortunately we did succed creating a python script (faker) to insert in reviews.
The is implemented in python but with database connection, so in order to fill the reviews tables
you have to run the dummy_reviews.py script.

*/





USE pulse_festival;

/*10 locations*/

INSERT INTO location (
    coordinates_lang,
    coordinates_long,
    adress,
    city,
    country,
    continent
) VALUES
(-0.75287, 97.099392, "238 Lopez Oval", "Lake Susan", "Gabon", "Asia"),
(-29.9564, -2.332327, "05612 Michele Drive", "New Pamelabury", "Northern Mariana Islands", "North America"),
(-78.55899, 20.555078, "8862 Smith Streets Apt. 789", "Collinsborough", "Serbia", "Africa"),
(-16.004636, 4.174067, "558 Megan Gardens Apt. 955", "Medinaport", "Luxembourg", "Africa"),
(82.544215, -61.823367, "8296 Smith Mountains", "Nashchester", "Macao", "Europe"),
(-72.89942, 164.554316, "42799 Fletcher Meadow Suite 388", "New William", "Mexico", "Asia"),
(-25.084033, -173.771258, "77501 Walter Island", "Nathanton", "Bolivia", "South America"),
(1.873733, 110.084519, "11490 Michael Course", "East Ronald", "Aruba", "Africa"),
(80.926963, 18.88692, "86078 Nicholson Course Apt. 283", "North Christopher", "Saint Vincent and the Grenadines", "Africa"),
(49.82483, 149.000032, "620 Smith Lodge", "Walkerland", "Mayotte", "Europe");


/*10 festivals based on the previous locations */

INSERT INTO festival (
    year,
    start_date,
    end_date,
    location_id
) VALUES
(2017, "2017-08-12", "2017-08-13", 1),
(2018, "2018-08-12", "2018-08-12", 2),
(2019, "2019-08-12", "2019-08-13", 3),
(2020, "2020-08-12", "2020-08-12", 4),
(2021, "2021-08-12", "2021-08-13", 5),
(2022, "2022-08-12", "2022-08-12", 6),
(2023, "2023-08-12", "2023-08-13", 7),
(2024, "2024-08-12", "2024-08-12", 8),
(2025, "2025-08-12", "2025-08-13", 9),
(2026, "2026-08-12", "2026-08-12", 10);



/* 30 venues 3 for each festival with standard capacity 50, 30, 10 
   to make staff assignmetnt easier*/

INSERT INTO venue (
    festival_id,
    name,
    description,
    max_capacity
) VALUES
(1, "Jensen, Davis and Rice Stage", "Challenge couple may yeah soon avoid.", 50),
(1, "Brown, Harvey and Vasquez Stage", "Also identify among individual one.", 30),
(1, "Johnson-Shepherd Stage", "Already born I bar require.", 10),
(2, "Silva PLC Stage", "Action stock sit.", 50),
(2, "Mason Group Stage", "Attack reality huge assume improve.", 30),
(2, "Reed and Sons Stage", "Region society early walk.", 10),
(3, "Sanders PLC Stage", "Experience be detail learn year.", 50),
(3, "Garcia-Reyes Stage", "Within newspaper in feeling.", 30),
(3, "Meyer, Rice and Evans Stage", "Book religious above reflect take between western.", 10),
(4, "Dalton PLC Stage", "Sign hour majority.", 50),
(4, "Myers Inc Stage", "Big night part money offer.", 30),
(4, "Black Inc Stage", "Vote by report language.", 10),
(5, "Smith-King Stage", "Feel person partner green sound push mother.", 50),
(5, "Wong, Pope and Lyons Stage", "Pull test dog pattern audience about.", 30),
(5, "Maxwell LLC Stage", "Interesting season major adult me perform seek.", 10),
(6, "Davis-Tyler Stage", "Too sell out least alone form situation.", 50),
(6, "Thomas, Chang and Bates Stage", "Country wall product about.", 30),
(6, "Hammond-Fry Stage", "Crime report site.", 10),
(7, "Gutierrez, Lewis and Cook Stage", "Reduce peace camera probably mouth.", 50),
(7, "Knox, Davis and Leonard Stage", "Clearly everything population could set with themselves.", 30),
(7, "Lee Group Stage", "Industry success sometimes loss total none audience.", 10),
(8, "Rogers Inc Stage", "One that goal debate agree black different.", 50),
(8, "Romero, Whitehead and Parker Stage", "Population still simple along produce star.", 30),
(8, "Rodriguez PLC Stage", "Doctor during generation lead yeah decide whatever.", 10),
(9, "Bailey-Williams Stage", "Represent player teacher deep.", 50),
(9, "Anderson Group Stage", "Address thought arrive want mission south.", 30),
(9, "Taylor-Clark Stage", "Although scientist nation.", 10),
(10, "Evans-Finley Stage", "Big teach whose likely.", 50),
(10, "Hamilton-Taylor Stage", "Ago since on which.", 30),
(10, "Deleon-Fry Stage", "Past participant wide across.", 10);



/*staff roles*/

INSERT INTO staff_role (role_name)
VALUES 
    ('security'),
    ('assistant'),
    ('technician');

  
/* experience levels */

INSERT INTO experience_level (level_name)
VALUES 
    ('trainee'),
    ('beginner'),
    ('intermediate'),
    ('experienced'),
    ('expert');




/* based on the capacities we need 60 securities  (we added 90) we will assign 3 per stage*/

INSERT INTO staff (
    name,
    age,
    role_id,
    level_id
) VALUES
("Michael Henson", 56, 1, 4),
("Steven Peterson", 27, 1, 4),
("Courtney Hudson", 18, 1, 3),
("Cassandra Chan", 56, 1, 1),
("Stacey Lindsey", 40, 1, 2),
("Zachary Krueger", 18, 1, 5),
("Aimee Singh", 25, 1, 5),
("Robert Wilcox", 37, 1, 3),
("Mark Fisher", 39, 1, 2),
("Mr. William Rios", 32, 1, 2),
("Yolanda Gardner", 33, 1, 3),
("Leslie Nelson", 58, 1, 4),
("Juan Nguyen MD", 49, 1, 2),
("Jack Nguyen", 20, 1, 2),
("Audrey Coleman", 39, 1, 2),
("Sara Wang", 21, 1, 2),
("Erin Butler", 43, 1, 1),
("Madison Murphy", 46, 1, 3),
("Kelly Jones", 47, 1, 5),
("Darrell Simpson", 33, 1, 2),
("Jason Swanson", 46, 1, 4),
("Anthony Zuniga", 27, 1, 1),
("Christina Jones", 37, 1, 4),
("Meagan Romero", 49, 1, 5),
("Stephen Hancock", 19, 1, 3),
("Jeffrey Butler", 56, 1, 3),
("Robin Jones", 23, 1, 1),
("Bethany Burnett", 41, 1, 1),
("Emily Salinas", 37, 1, 3),
("Alexandra Duran", 60, 1, 2),
("Dylan Mora", 26, 1, 3),
("Kenneth Green", 55, 1, 1),
("Kathleen Santos", 30, 1, 2),
("Amy Tran", 52, 1, 4),
("Bethany Hahn", 59, 1, 5),
("Stephanie Fisher", 24, 1, 5),
("Margaret Perkins", 29, 1, 5),
("Monica Olson", 23, 1, 5),
("Christina Martin", 55, 1, 5),
("Carolyn Paul", 22, 1, 4),
("Penny Evans", 30, 1, 1),
("Samuel Townsend", 48, 1, 2),
("Melissa Lee", 28, 1, 2),
("Mr. Randy Pearson", 44, 1, 2),
("Javier Lee", 30, 1, 4),
("Emily Rowland", 20, 1, 5),
("Eric Park", 26, 1, 5),
("Bailey Mills", 54, 1, 4),
("Keith Parker", 51, 1, 5),
("Peter Shea", 55, 1, 2),
("Tami Melendez", 53, 1, 2),
("Daniel Levy", 56, 1, 3),
("Maxwell Johnson", 24, 1, 2),
("Carla Cantu", 43, 1, 1),
("Allison Christensen", 58, 1, 1),
("Sandra Velasquez", 32, 1, 4),
("Sarah Lewis", 18, 1, 2),
("Mr. Perry Rodriguez", 47, 1, 3),
("Tabitha Garrett", 42, 1, 5),
("Jerry Mcintyre", 39, 1, 2),
("Michelle Villarreal", 54, 1, 5),
("Juan Martin", 51, 1, 2),
("Michelle Torres", 60, 1, 3),
("Joshua Valencia", 38, 1, 4),
("Charles Knight", 31, 1, 1),
("Christine Black", 23, 1, 5),
("Ashley Norris", 18, 1, 2),
("Sean Ellis", 27, 1, 4),
("Nicole Simpson", 50, 1, 3),
("Rebecca Rodriguez", 25, 1, 2),
("Mr. Nicholas Cline Jr.", 24, 1, 1),
("Rachel Watts MD", 49, 1, 2),
("Sarah Turner", 20, 1, 1),
("James Clark", 27, 1, 4),
("Mason Griffith", 33, 1, 3),
("Mary Fowler", 26, 1, 2),
("Anne Williams", 58, 1, 4),
("Kevin Murray", 58, 1, 1),
("Joshua Robinson", 43, 1, 4),
("Kathleen Frye", 42, 1, 1),
("Dalton Mendoza", 50, 1, 1),
("Leslie Sanders", 45, 1, 2),
("Alicia Moses", 56, 1, 2),
("Richard Esparza", 44, 1, 3),
("Martha Franco", 43, 1, 2),
("Samuel Johnson", 53, 1, 3),
("Janet Smith", 48, 1, 2),
("Monica Knight", 44, 1, 1),
("Darren Miller", 59, 1, 1),
("Rachael Morris", 27, 1, 1),
("Jessica Morrison", 41, 1, 5),
("Gabriel Summers", 59, 1, 3),
("Mary Lopez", 29, 1, 4),
("Gabrielle Flowers", 34, 1, 2),
("Robert Jackson", 33, 1, 4),
("John Ayala", 44, 1, 5);


/*same reason for the 30 assistants (we added 83). we will assign 2 per stage*/

INSERT INTO staff (
    name,
    age,
    role_id,
    level_id
) VALUES
("Alexis Martinez", 56, 2, 1),
("Dr. Paul Walker", 33, 2, 3),
("Darrell Bryant", 42, 2, 4),
("Jay Benson", 32, 2, 4),
("Paula Rice", 35, 2, 5),
("Leah Barber", 49, 2, 5),
("John Anderson", 55, 2, 2),
("Karen Jones", 35, 2, 2),
("Paul Mccoy", 42, 2, 4),
("Natalie Leon", 41, 2, 4),
("James Daniels", 42, 2, 4),
("John Garcia", 38, 2, 3),
("Mary Jones", 56, 2, 2),
("Ryan Wu", 43, 2, 4),
("Joshua Christensen", 53, 2, 5),
("Jonathan Montgomery", 54, 2, 2),
("Angela Richards", 30, 2, 4),
("George Hopkins", 51, 2, 3),
("Aaron Hall", 27, 2, 2),
("Cassandra Freeman", 30, 2, 3),
("Elizabeth Hart", 56, 2, 5),
("David Juarez", 30, 2, 1),
("Lucas Alvarez", 32, 2, 1),
("Adrian Valencia", 25, 2, 2),
("Stephen Blake", 52, 2, 4),
("Ellen Patel", 55, 2, 4),
("Tamara Phillips", 19, 2, 5),
("Matthew Lane", 44, 2, 5),
("Lisa Thompson", 38, 2, 2),
("Linda Hill", 55, 2, 1),
("Malik Bailey", 18, 2, 2),
("Rebecca Stokes", 52, 2, 3),
("Jacob King", 48, 2, 1),
("Kurt Vasquez", 44, 2, 2),
("Jamie Quinn", 37, 2, 2),
("Jimmy Jones", 53, 2, 2),
("Elizabeth Mcintosh", 40, 2, 3),
("Michelle Dawson", 18, 2, 3),
("Jason Bradshaw", 24, 2, 3),
("Sheila Davis", 30, 2, 5),
("Jennifer Melendez", 50, 2, 2),
("Debra Keith", 56, 2, 5),
("Cassandra Day", 53, 2, 1),
("Kiara Nelson", 59, 2, 2),
("Ralph Shaw", 49, 2, 4),
("Brian Mullins", 47, 2, 5),
("Michelle Maldonado", 31, 2, 3),
("Kathleen Tran", 18, 2, 4),
("David Smith", 33, 2, 2),
("Ryan Dalton", 34, 2, 5),
("John Cabrera", 45, 2, 5),
("Kevin Hart", 21, 2, 3),
("Benjamin Spencer", 51, 2, 4),
("Rebekah White", 41, 2, 1),
("Jonathan Stewart", 35, 2, 5),
("Rebecca Williams", 32, 2, 3),
("Andrew Lara", 54, 2, 3),
("David Ball", 49, 2, 4),
("Carol Lopez", 40, 2, 4),
("Alexander Moran", 23, 2, 2),
("Jessica Rodriguez", 33, 2, 3),
("Lisa Green", 20, 2, 5),
("Ryan Wilson", 41, 2, 4);


/*and one technician per stage for every festival, 30 in total (we load 33) we will assign 1 per stage*/

INSERT INTO staff (
    name,
    age,
    role_id,
    level_id
) VALUES
("Robert Morrison", 29, 3, 3),
("Terry Holt", 33, 3, 1),
("Steven Walker", 55, 3, 5),
("Renee Wright", 23, 3, 2),
("Kelsey Ayers", 44, 3, 1),
("Kayla Hayes", 40, 3, 3),
("Kenneth Robinson", 30, 3, 1),
("Robert Lee", 27, 3, 1),
("Laura Brown", 18, 3, 5),
("Jacob Rasmussen", 49, 3, 1),
("Jennifer Jimenez", 50, 3, 4),
("Stacy Moore", 54, 3, 4),
("David Duncan", 41, 3, 2),
("Dale Henson", 31, 3, 1),
("Jonathan Fox", 44, 3, 5),
("Tamara Watkins", 42, 3, 5),
("Jordan Hayes", 46, 3, 1),
("Maria Harmon", 34, 3, 5),
("Brad Alexander", 39, 3, 5),
("Jill Evans", 20, 3, 2),
("Sherry Oliver MD", 36, 3, 3),
("Faith Gomez", 46, 3, 1),
("Melissa Nichols", 48, 3, 2),
("Sharon Barton", 47, 3, 2),
("Anne Shaw", 31, 3, 4),
("John Miller", 35, 3, 2),
("Christopher Hopkins", 40, 3, 4),
("Jesus Wong", 33, 3, 1),
("Aaron Miller", 30, 3, 2),
("Michelle Hall", 30, 3, 1),
("Christopher Williams", 58, 3, 1),
("Tanya Edwards", 55, 3, 3),
("Frances Yang", 35, 3, 3);




/* 250 persons. some will have tickets and some will not*/

INSERT INTO person (
    first_name,
    last_name,
    age,
    contact_info
) VALUES
("Kaitlyn", "Braun", 71, "angela72@example.net"),
("Frank", "Hunt", 80, "dreeves@example.org"),
("Connor", "Mathis", 17, "kyle17@example.net"),
("Carol", "Odonnell", 50, "wmartinez@example.org"),
("Karl", "Snyder", 77, "baileysteven@example.net"),
("Timothy", "Crawford", 37, "patrickmills@example.org"),
("Kevin", "Reynolds", 37, "jporter@example.org"),
("Walter", "Graham", 46, "hawkinssheena@example.com"),
("Amanda", "Ford", 20, "gouldlaura@example.com"),
("Daniel", "Baxter", 19, "lherrera@example.net"),
("Johnny", "Bradford", 46, "teresa78@example.org"),
("Randy", "Garcia", 41, "thomasvillanueva@example.org"),
("Rebecca", "Higgins", 29, "richardsonmarissa@example.net"),
("Nicole", "Bonilla", 14, "xstone@example.org"),
("Benjamin", "Stewart", 27, "morrisdawn@example.net"),
("Trevor", "Robinson", 47, "nathanwalker@example.org"),
("Keith", "Oconnell", 42, "joshua34@example.com"),
("Ellen", "Flores", 64, "xmooney@example.com"),
("Sarah", "Hawkins", 30, "stephaniebryan@example.org"),
("Matthew", "Randolph", 17, "billybutler@example.org"),
("Drew", "Branch", 13, "gatesanthony@example.net"),
("Joseph", "Rios", 17, "iford@example.com"),
("John", "Cohen", 67, "yhess@example.net"),
("Whitney", "Hoffman", 16, "pbass@example.org"),
("Michael", "Juarez", 77, "randydaniels@example.net"),
("Michael", "Woods", 42, "tinabrown@example.net"),
("Laura", "Hull", 74, "mark79@example.org"),
("Jessica", "Vazquez", 66, "ywebb@example.org"),
("Kayla", "Bailey", 80, "jenniferbrooks@example.net"),
("Natasha", "Guzman", 32, "obrown@example.org"),
("Kevin", "Fisher", 16, "richardmcgrath@example.net"),
("Randall", "Parker", 65, "jay11@example.org"),
("Brianna", "Hunter", 64, "brooksrichard@example.com"),
("Michael", "King", 64, "lisaclark@example.org"),
("Joshua", "Lowe", 54, "melaniedavis@example.net"),
("Christina", "Kaiser", 48, "juan15@example.net"),
("Rebekah", "Henson", 63, "alexandertroy@example.net"),
("Charles", "Holmes", 77, "christopherfinley@example.com"),
("Clifford", "Duncan", 63, "erogers@example.org"),
("Elizabeth", "Garrett", 21, "marcward@example.org"),
("Joseph", "Gray", 56, "destiny95@example.org"),
("Daniel", "Simon", 14, "kalvarez@example.com"),
("Kimberly", "Gonzalez", 46, "longwilliam@example.org"),
("Deborah", "Garcia", 63, "david58@example.com"),
("William", "Diaz", 55, "johnny50@example.org"),
("Jeffrey", "Meyer", 13, "kimberlydavis@example.net"),
("Barbara", "Bolton", 35, "brianbrown@example.com"),
("Julie", "Walter", 42, "robert73@example.com"),
("David", "Jackson", 44, "amandaflores@example.com"),
("Dominic", "Johnson", 65, "piercebruce@example.net"),
("Debra", "Conway", 80, "hardinkirsten@example.net"),
("Lori", "Harrison", 30, "waltersvincent@example.org"),
("Melissa", "Villa", 17, "megan17@example.com"),
("Heather", "Miller", 18, "lmoore@example.org"),
("Cesar", "Gonzalez", 57, "haleyburnett@example.net"),
("Tammy", "Norton", 19, "joshuamartin@example.com"),
("Stephanie", "Arnold", 34, "gregory59@example.org"),
("Brendan", "Ibarra", 33, "russellowens@example.com"),
("Stephanie", "Blackwell", 34, "laurasanchez@example.org"),
("Yvette", "Conway", 34, "andersonjeanne@example.net"),
("Valerie", "Campbell", 59, "jamieclements@example.org"),
("Christina", "Mills", 46, "xball@example.org"),
("Michelle", "Morris", 72, "mharris@example.org"),
("Amy", "Herrera", 49, "brandi10@example.org"),
("Alan", "Decker", 44, "williamschristopher@example.net"),
("Edward", "Little", 10, "jsimmons@example.org"),
("Corey", "Johnson", 57, "christopherscott@example.com"),
("Laura", "Mcclain", 13, "katherinecastillo@example.net"),
("Laura", "Edwards", 74, "brian22@example.org"),
("Dean", "Allison", 36, "christopher65@example.org"),
("Denise", "Mcconnell", 25, "jacksondavid@example.org"),
("Brian", "Sexton", 33, "daviscody@example.net"),
("Brenda", "Jackson", 42, "ryanbaker@example.com"),
("Christopher", "Valdez", 62, "mitchellkoch@example.com"),
("Gina", "George", 10, "tgilbert@example.net"),
("Marcus", "Riley", 44, "glovermichelle@example.com"),
("Steven", "Miller", 75, "john97@example.com"),
("Nicole", "Miranda", 57, "patrick15@example.org"),
("Travis", "Rojas", 77, "dmyers@example.com"),
("Sherri", "Young", 12, "sbonilla@example.org"),
("Christopher", "Price", 71, "lori05@example.net"),
("Sheryl", "Levy", 47, "njohnson@example.net"),
("Jaime", "Hernandez", 56, "lamrita@example.net"),
("Thomas", "Rice", 34, "brandonwilson@example.net"),
("Tina", "Smith", 31, "connor32@example.org"),
("Briana", "Davis", 63, "csnyder@example.net"),
("Stephen", "Wilson", 26, "william30@example.net"),
("Ashley", "Knight", 69, "catherinegriffith@example.net"),
("John", "Levine", 72, "amanda91@example.org"),
("Brian", "Snyder", 55, "ericjones@example.com"),
("Stacy", "Johnson", 17, "ian71@example.net"),
("Natalie", "Kennedy", 56, "phardy@example.net"),
("Michelle", "Prince", 28, "deandarryl@example.org"),
("Robert", "Benton", 59, "margaretnguyen@example.net"),
("Patrick", "Gibson", 62, "kendramorgan@example.com"),
("Melissa", "Peterson", 28, "keithwalls@example.com"),
("Carmen", "Andrews", 73, "aellis@example.org"),
("Helen", "Frazier", 35, "yalvarado@example.com"),
("Kiara", "Johnson", 47, "daniel60@example.net"),
("Brandon", "Fisher", 55, "ramosmichael@example.net"),
("Autumn", "Camacho", 53, "ruizbrandon@example.org"),
("Kristen", "Thompson", 77, "owilliams@example.org"),
("Chad", "Mcbride", 45, "dennis96@example.net"),
("Amanda", "Miller", 11, "robertsonkatelyn@example.com"),
("Dustin", "Little", 35, "melissajenkins@example.org"),
("Brent", "Newman", 13, "vasquezjohn@example.net"),
("James", "Hester", 16, "englishscott@example.org"),
("Melanie", "James", 57, "ralphmatthews@example.org"),
("Samantha", "Martin", 47, "victoriacasey@example.org"),
("Emma", "Perry", 52, "warrentonya@example.com"),
("Joseph", "Harmon", 42, "pwatts@example.com"),
("Stacy", "Madden", 19, "xwilson@example.net"),
("Melissa", "Woods", 73, "stephanie78@example.net"),
("George", "Daniels", 24, "timothynewton@example.org"),
("Amanda", "Wolf", 17, "sarah20@example.net"),
("Heather", "Perez", 60, "nhall@example.org"),
("Mason", "Foster", 45, "sarahleach@example.com"),
("Jennifer", "Vazquez", 35, "harrisondeborah@example.org"),
("Patrick", "Jefferson", 27, "mlopez@example.com"),
("David", "Lewis", 45, "chad86@example.org"),
("Michael", "Rhodes", 70, "hpeterson@example.net"),
("Diana", "Hubbard", 44, "steven87@example.com"),
("Stacy", "Brewer", 35, "cwillis@example.net"),
("Gary", "Edwards", 55, "rachel14@example.org"),
("Matthew", "Butler", 37, "hubbardcynthia@example.com"),
("Zachary", "Carter", 49, "kirbyanthony@example.net"),
("Amber", "Berg", 40, "hortonheather@example.net"),
("Whitney", "Miller", 18, "cscott@example.net"),
("John", "Wilson", 15, "christophersmith@example.org"),
("Randy", "Howell", 13, "brittany44@example.net"),
("Michael", "Ross", 37, "patrickclark@example.org"),
("Chelsea", "Hernandez", 53, "ihughes@example.com"),
("Benjamin", "Schmidt", 37, "igray@example.com"),
("Gina", "Wolf", 32, "david20@example.org"),
("Cheryl", "Davis", 21, "kenneth91@example.org"),
("Denise", "Wallace", 23, "wrussell@example.net"),
("Jacqueline", "Meyers", 54, "zwhite@example.net"),
("Michelle", "Morrison", 59, "melissa63@example.org"),
("Scott", "Morris", 31, "lauracunningham@example.org"),
("Helen", "Meyer", 31, "amy78@example.org"),
("Tina", "Robinson", 53, "jason10@example.com"),
("Kathy", "Cox", 29, "daniellejones@example.org"),
("Hannah", "Lane", 16, "charles20@example.com"),
("Dawn", "Cooley", 73, "hayley07@example.net"),
("Catherine", "James", 35, "jroberts@example.org"),
("Madison", "Long", 62, "istevens@example.org"),
("Jared", "Ramsey", 31, "nholland@example.org"),
("Suzanne", "Gutierrez", 77, "casey61@example.com"),
("Brett", "Barnes", 73, "johnsondustin@example.org"),
("Brian", "Morton", 21, "brandonmiller@example.net"),
("Suzanne", "Watson", 20, "hrojas@example.com"),
("Lauren", "Brown", 43, "alexanderwade@example.net"),
("John", "Jimenez", 20, "sean30@example.com"),
("Ryan", "Lewis", 48, "vreid@example.net"),
("Katherine", "Wood", 48, "rachelgarcia@example.com"),
("Melissa", "Johnson", 22, "hmann@example.org"),
("Jennifer", "Little", 36, "hjones@example.org"),
("Jason", "Howe", 56, "ycopeland@example.net"),
("Samantha", "Dalton", 39, "jamiegilbert@example.net"),
("Kyle", "Thompson", 16, "juliaburnett@example.com"),
("Sharon", "Thompson", 39, "crosbytonya@example.net"),
("Stephen", "Lawrence", 54, "omorse@example.net"),
("Frank", "Owens", 59, "gary19@example.com"),
("Tim", "Juarez", 71, "ejohnson@example.net"),
("Karen", "Dominguez", 80, "yolandasullivan@example.com"),
("Robert", "Walker", 50, "teresa55@example.com"),
("Victoria", "Wall", 42, "robert08@example.net"),
("Michael", "Sanford", 75, "hensleyjacob@example.com"),
("Megan", "Smith", 25, "powersemily@example.net"),
("Jacqueline", "Fernandez", 45, "fgeorge@example.com"),
("Nichole", "Willis", 37, "millergregory@example.org"),
("Miguel", "Robinson", 25, "simmonszoe@example.net"),
("Luis", "Zimmerman", 77, "ejohnson@example.org"),
("Emily", "Johnson", 21, "mbutler@example.com"),
("Dale", "Greene", 21, "kgallegos@example.net"),
("Derrick", "Ayala", 17, "brenda48@example.org"),
("Thomas", "Sandoval", 17, "andrew55@example.com"),
("Jonathan", "Bell", 79, "lwells@example.org"),
("Jason", "Cook", 45, "rowlandnicole@example.net"),
("Gregory", "Peterson", 71, "katherinerobinson@example.org"),
("Anne", "Taylor", 68, "roy54@example.net"),
("William", "Garcia", 57, "fhenry@example.org"),
("Lisa", "Schultz", 72, "davidclark@example.net"),
("Yolanda", "Hebert", 13, "benjamin35@example.com"),
("Samantha", "Riley", 76, "hallcody@example.net"),
("Alexa", "Whitaker", 33, "justin14@example.com"),
("John", "Cooper", 27, "anthony74@example.com"),
("Jacqueline", "Lara", 52, "jenkinschristopher@example.com"),
("Tanya", "Lewis", 10, "rebecca41@example.org"),
("Victoria", "Taylor", 15, "smithjessica@example.org"),
("Kristin", "Stewart", 34, "tferguson@example.org"),
("Jose", "Torres", 15, "jennifer52@example.org"),
("Jeremiah", "Steele", 52, "danasanchez@example.net"),
("Michael", "Shelton", 12, "jimenezkimberly@example.net"),
("Regina", "Nichols", 36, "kphillips@example.net"),
("Dan", "Saunders", 77, "krussell@example.org"),
("Noah", "Douglas", 80, "kellywilliams@example.net"),
("Brandon", "Aguilar", 35, "robertsonmitchell@example.com"),
("Kristine", "Morales", 67, "wilkinsvanessa@example.org"),
("Gary", "Reed", 19, "xmiller@example.net"),
("Katie", "Davis", 66, "elizabeth07@example.net"),
("Hannah", "Lara", 35, "kimberly33@example.net"),
("Sylvia", "Lee", 31, "pschaefer@example.org"),
("Lindsay", "Gates", 62, "bbaker@example.com"),
("Travis", "Scott", 25, "zgregory@example.com"),
("Charles", "Lewis", 29, "darin17@example.com"),
("Jessica", "Thomas", 56, "richard78@example.com"),
("Stacey", "Foster", 26, "veverett@example.org"),
("Karen", "Carter", 13, "james36@example.org"),
("Paul", "Castillo", 59, "alexis69@example.org"),
("Maria", "Barron", 53, "turnerdonald@example.com"),
("Hannah", "Fernandez", 32, "stonemichael@example.net"),
("Michelle", "Blair", 30, "joseph41@example.org"),
("Robert", "Evans", 78, "hallstuart@example.com"),
("Paul", "Wilson", 41, "whiteemily@example.net"),
("Keith", "Webb", 47, "terriedwards@example.org"),
("Scott", "Reynolds", 79, "kellylynn@example.org"),
("Marissa", "Obrien", 53, "alan20@example.com"),
("Deborah", "Ramsey", 23, "jamesbarron@example.net"),
("David", "Mathews", 20, "meganrodriguez@example.net"),
("Tanya", "Vazquez", 64, "holly42@example.net"),
("Madison", "Sanders", 52, "tamaracollier@example.com"),
("Elizabeth", "Arnold", 70, "rmcknight@example.net"),
("Crystal", "Garrett", 30, "seanhughes@example.com"),
("Edward", "Vincent", 44, "joshua53@example.com"),
("Christopher", "Garcia", 13, "ljames@example.com"),
("Lori", "Ramirez", 23, "hopkinsshannon@example.com"),
("Benjamin", "Parker", 68, "joshuaadams@example.org"),
("Jessica", "Johnson", 32, "ferrellgregory@example.org"),
("Molly", "Burke", 13, "yhamilton@example.com"),
("Jesus", "Sanchez", 69, "chapmankelsey@example.org"),
("Margaret", "Moore", 78, "lopezsteve@example.org"),
("Cassidy", "Johnson", 69, "barbervanessa@example.com"),
("Kara", "Phillips", 70, "jfreeman@example.com"),
("Rebecca", "Mendoza", 54, "joshuanash@example.com"),
("Catherine", "Martin", 57, "wrivera@example.net"),
("David", "Owens", 14, "harrisjonathan@example.net"),
("Phillip", "Davis", 75, "earl33@example.org"),
("Kimberly", "Barnett", 55, "bradleyrobert@example.com"),
("Richard", "Williams", 56, "rebecca06@example.net"),
("Chelsea", "Cooper", 40, "johnsonaaron@example.org"),
("Russell", "Robertson", 55, "alexander67@example.net"),
("Mary", "Anderson", 19, "angela46@example.org"),
("Sarah", "Shepherd", 32, "ygill@example.org"),
("Susan", "Prince", 38, "xgonzalez@example.com"),
("Cynthia", "Davis", 65, "josephpena@example.org"),
("Emily", "Harper", 80, "vrussell@example.net"),
("Jennifer", "Edwards", 23, "amy81@example.com"),
("Thomas", "Bradley", 10, "lcooper@example.com"),
("Michael", "Foley", 14, "bartonkaitlyn@example.com");



/*equipment types*/

INSERT INTO equipment (description)
VALUES 
    ('Speakers'),
    ('Stage Lights'),
    ('Microphones'),
    ('Mixing Consoles'),
    ('Smoke Machines');



/* genres */

INSERT INTO genre (name)
VALUES 
    ('Rock'),
    ('Jazz'),
    ('Electronic'),
    ('Hip Hop'),
    ('Pop'),
    ('Reggae'),
    ('Country'),
    ('Metal'),
    ('Blues'),
    ('Latin');



/*subgenres*/

INSERT INTO subgenre (name, genre_id)
VALUES 
    -- Rock Subgenres
    ('Hard Rock',        (SELECT genre_id FROM genre WHERE name = 'Rock')),
    ('Psychedelic Rock', (SELECT genre_id FROM genre WHERE name = 'Rock')),

    -- Jazz Subgenres
    ('Bebop',            (SELECT genre_id FROM genre WHERE name = 'Jazz')),
    ('Fusion',           (SELECT genre_id FROM genre WHERE name = 'Jazz')),

    -- Electronic Subgenres
    ('Techno',           (SELECT genre_id FROM genre WHERE name = 'Electronic')),
    ('House',            (SELECT genre_id FROM genre WHERE name = 'Electronic')),

    -- Hip Hop Subgenres
    ('Trap',             (SELECT genre_id FROM genre WHERE name = 'Hip Hop')),
    ('Boom Bap',         (SELECT genre_id FROM genre WHERE name = 'Hip Hop')),

    -- Pop Subgenres
    ('Synthpop',         (SELECT genre_id FROM genre WHERE name = 'Pop')),
    ('Electropop',       (SELECT genre_id FROM genre WHERE name = 'Pop')),

    -- Reggae Subgenres
    ('Roots Reggae',     (SELECT genre_id FROM genre WHERE name = 'Reggae')),
    ('Dancehall',        (SELECT genre_id FROM genre WHERE name = 'Reggae')),

    -- Country Subgenres
    ('Bluegrass',        (SELECT genre_id FROM genre WHERE name = 'Country')),
    ('Outlaw Country',   (SELECT genre_id FROM genre WHERE name = 'Country')),

    -- Metal Subgenres
    ('Heavy Metal',      (SELECT genre_id FROM genre WHERE name = 'Metal')),
    ('Thrash Metal',     (SELECT genre_id FROM genre WHERE name = 'Metal')),

    -- Blues Subgenres
    ('Delta Blues',      (SELECT genre_id FROM genre WHERE name = 'Blues')),
    ('Chicago Blues',    (SELECT genre_id FROM genre WHERE name = 'Blues')),

    -- Latin Subgenres
    ('Salsa',            (SELECT genre_id FROM genre WHERE name = 'Latin')),
    ('Bachata',          (SELECT genre_id FROM genre WHERE name = 'Latin'));


/*performance types*/

INSERT INTO performance_type (type_name)
VALUES 
    ('Warm-Up'),
    ('Headliner'),
    ('Special Guest');

/*ticket categories*/

INSERT INTO ticket_category (category_name, description)
VALUES 
('General Admission', 'Access to all public areas of the festival.'),
('VIP',               'Access to VIP zones with extra amenities.'),
('Backstage',         'Access to backstage and technical areas.');

/*payment methods*/

INSERT INTO purchase_method (method_name)
VALUES 
('Credit Card'),
('Debit Card'),
('Bank Transfer');

/*resale status*/

INSERT INTO resale_status (status_name)
VALUES 
    ('available'),
    ('reserved'),
    ('sold');

/*artists*/

INSERT INTO artist (
    name,
    nickname,
    birth_date,
    subgenre_id,
    web_page,
    instagram_profile
) VALUES
("Tanner Esparza", "adamhale", "1985-02-25", 2, NULL, "https://instagram.com/bguzman"),
("William Leblanc", "knightdean", "1995-02-07", 15, "http://www.garcia-nichols.com/", "https://instagram.com/mathew82"),
("Jason Lawson", NULL, "1978-09-01", 8, "http://www.davis.biz/", NULL),
("Megan Scott", NULL, "1962-05-22", 2, "https://www.thomas.com/", "https://instagram.com/samantha85"),
("Caroline Keith", NULL, "1971-03-21", 10, "http://www.gregory.biz/", NULL),
("Sandra Williams", "markdennis", "1984-03-24", 20, NULL, NULL),
("Gary Anderson", "zachary62", "1977-08-13", 16, NULL, NULL),
("Anthony Gonzalez", "kenneth41", "1969-12-13", 15, NULL, NULL),
("Carlos Howell", "goldenjames", "1960-06-13", 9, NULL, NULL),
("Dana Kim", NULL, "1982-09-10", 15, NULL, "https://instagram.com/efarmer"),
("Shannon Pittman", "alvarezteresa", "1964-11-28", 13, NULL, "https://instagram.com/williamskelly"),
("Jennifer Fuller", "janice90", "2003-07-25", 17, NULL, "https://instagram.com/lisa10"),
("Patricia Christensen", "brittany17", "2010-03-20", 7, NULL, "https://instagram.com/hamiltonmatthew"),
("Christopher Rocha", "djohnson", "2003-05-02", 1, "https://jones-vargas.info/", "https://instagram.com/kgraham"),
("Mary Brown", NULL, "1980-10-27", 6, "https://schneider.com/", NULL),
("Brooke Smith", NULL, "2006-10-02", 3, "http://mercado.org/", "https://instagram.com/jamescarter"),
("Leslie Caldwell", NULL, "1980-05-16", 17, "https://www.marquez-solis.biz/", NULL),
("Gloria Roman", NULL, "1962-02-06", 13, "http://martin.com/", NULL),
("Timothy Pham", "fosterchristopher", "2007-12-10", 2, "http://www.black-sanders.com/", "https://instagram.com/thomasdennis"),
("Debbie Bishop", NULL, "2001-01-21", 6, "http://www.wise-rollins.info/", "https://instagram.com/marcusmiller"),
("John Hunt", "maryandersen", "1985-10-06", 8, "https://ross-wade.org/", NULL),
("Carrie Harrington", "rachel92", "1994-10-25", 15, "http://www.reed-simmons.com/", NULL),
("David Woodard", "richardsanders", "2001-03-03", 9, "http://gordon.info/", NULL),
("Alex Cruz", "hwilson", "1989-05-15", 17, NULL, "https://instagram.com/michael75"),
("Whitney Henry", NULL, "1989-06-21", 8, NULL, NULL),
("Dawn Wheeler", "joseph70", "1973-08-25", 15, "http://taylor-hunt.net/", NULL),
("Maria Salas", "sschmidt", "1970-07-15", 18, NULL, NULL),
("Kevin Johnson", "rebeccaburton", "1997-02-26", 17, NULL, NULL),
("Richard Buckley", NULL, "1984-12-20", 8, NULL, NULL),
("Maria Ramirez", NULL, "1974-12-06", 16, "http://snyder.org/", "https://instagram.com/justinbailey"),
("Tammy Campbell", NULL, "1981-09-05", 11, "http://schmidt.com/", NULL),
("Brenda Griffin", "lwright", "1976-03-24", 4, "http://thomas.info/", NULL),
("Jessica Reid", "lindsey67", "1971-10-10", 2, "https://martin.net/", NULL),
("Lisa Carter", "kimberlyhill", "1993-12-09", 15, "http://www.lynch.com/", "https://instagram.com/anthony44"),
("Alicia Edwards", "barnesbenjamin", "1964-10-02", 17, NULL, NULL),
("Jack Sutton", "watsonlisa", "1996-04-09", 15, "http://chapman-harrison.biz/", "https://instagram.com/shannon43"),
("Todd Thomas", "davidharris", "1979-10-07", 19, "https://palmer.net/", NULL),
("Jessica Miller", "wellsleah", "1992-08-19", 3, NULL, NULL),
("Frances Torres", NULL, "1968-08-13", 15, "http://www.johnson.com/", "https://instagram.com/meyeranthony"),
("Andrew Stone", NULL, "1975-02-18", 1, "http://www.peters.info/", NULL),
("Timothy Browning", NULL, "2010-10-22", 4, "http://www.cooper.com/", NULL),
("Linda Hester", NULL, "2000-07-26", 20, NULL, "https://instagram.com/smithelizabeth"),
("Joshua Young", "davidmckinney", "2003-05-09", 18, NULL, "https://instagram.com/lindaanderson"),
("Kaylee Wyatt", NULL, "1964-03-07", 14, "https://vasquez.com/", NULL),
("Thomas Williams", NULL, "1995-03-09", 14, NULL, NULL),
("Danielle Bartlett", "jasonpowers", "1984-02-28", 14, "https://www.richardson.com/", "https://instagram.com/jenniferanderson"),
("Brianna Wright", "fmorris", "1997-09-14", 2, "http://stanley.biz/", NULL),
("Michael Howell", "karaolson", "1999-06-01", 17, NULL, NULL),
("Matthew Rodriguez", NULL, "1990-01-17", 17, NULL, NULL),
("Nicholas Bailey IV", NULL, "1997-11-04", 8, "http://www.rogers.net/", NULL),
("Christopher Smith", "michelesmith", "1961-03-27", 9, NULL, NULL),
("Deborah Sellers", NULL, "1983-01-11", 20, NULL, "https://instagram.com/johnmorrow"),
("Paul Miles", NULL, "1963-04-20", 9, NULL, NULL),
("Jeffrey Harris", "vrobinson", "1980-06-16", 17, NULL, "https://instagram.com/stephanieruiz"),
("Brittney Alvarez", "ricejason", "2001-06-22", 14, "http://white.biz/", "https://instagram.com/kylestone"),
("Christopher Silva", NULL, "1972-04-01", 19, "http://www.lane-williams.com/", "https://instagram.com/yreeves"),
("Karen Smith", NULL, "1976-09-01", 3, "http://www.hernandez.com/", NULL),
("Pamela Martinez", NULL, "1986-10-12", 5, "https://www.sullivan-small.org/", NULL),
("Jeffrey Rios", NULL, "2008-08-19", 1, NULL, "https://instagram.com/hamiltontravis"),
("Jacob Guerrero", "ericstout", "1965-07-04", 2, NULL, "https://instagram.com/markmurray"),
("Courtney Morris", "nwilson", "1986-11-14", 19, NULL, "https://instagram.com/heatherjohnson"),
("Brandon Arnold", "heidi18", "1977-11-04", 6, NULL, NULL),
("Rebecca Shelton", NULL, "1974-03-28", 18, "http://brown.com/", NULL),
("John Lopez", "ystein", "1988-01-27", 19, "https://www.blevins.net/", NULL),
("Marcus Moore", "matthew94", "1968-12-28", 17, "https://www.escobar.net/", NULL),
("Casey Bailey", "traceysmith", "1983-05-18", 12, NULL, "https://instagram.com/smithandrew"),
("Alexis Floyd", "reidstanley", "2006-09-12", 20, "http://hernandez-miller.com/", "https://instagram.com/karen38"),
("Daniel Olson", "vincent82", "2000-07-13", 1, NULL, "https://instagram.com/petersalicia"),
("Jacob Alvarez", "robert63", "1979-03-05", 8, "https://www.blake.com/", NULL),
("Kelly Thomas", "suzannewilliams", "1988-09-23", 5, "https://www.hammond-yates.com/", "https://instagram.com/kathypadilla"),
("David Escobar", NULL, "1975-03-11", 5, "http://smith.com/", NULL),
("John Petersen", "handerson", "1997-04-18", 7, NULL, "https://instagram.com/cohencharlene"),
("Michael Taylor", NULL, "1975-04-28", 19, NULL, NULL),
("Stacy Cook", NULL, "1981-10-18", 2, NULL, NULL),
("Brett Parks", NULL, "1960-09-14", 12, "https://phillips.com/", NULL),
("Sierra Smith", NULL, "1978-05-17", 2, NULL, NULL),
("Jonathan Wagner", "batesmadeline", "1974-07-08", 9, NULL, "https://instagram.com/sandyperez"),
("Scott Keith", NULL, "1970-09-11", 5, "https://www.ramirez.com/", NULL),
("Kristina Mitchell", NULL, "1982-08-28", 10, NULL, "https://instagram.com/yvonne07"),
("Johnny Mclaughlin", "richard59", "1979-07-25", 18, "http://www.henry-cook.com/", "https://instagram.com/cassandra21"),
("Monica Martin", NULL, "2002-01-28", 11, NULL, NULL),
("Amanda Doyle", "adamsmichelle", "1987-04-12", 12, "http://www.escobar-nguyen.com/", NULL),
("Jeffrey Guzman", NULL, "2005-09-17", 9, "http://www.hood.info/", NULL),
("Lisa Henderson", "smithkarina", "2007-08-23", 20, "https://www.olsen.com/", "https://instagram.com/hmurray"),
("Shelby Walker", NULL, "1979-04-27", 18, NULL, NULL),
("Jose Fox", "cristianedwards", "2010-12-10", 1, NULL, NULL),
("John Chavez", NULL, "1976-03-21", 20, NULL, "https://instagram.com/mstone"),
("Steven Mathews", NULL, "2003-03-14", 20, "http://www.morton.biz/", "https://instagram.com/jessicashaffer"),
("Christopher Lewis", NULL, "1970-03-23", 12, NULL, "https://instagram.com/kelly48"),
("Joseph Serrano", NULL, "1988-01-13", 18, NULL, NULL),
("Yvonne Zhang", NULL, "1968-09-05", 20, "https://www.munoz.net/", "https://instagram.com/floresjeremy"),
("William Conley", "brandondaniels", "1960-12-07", 13, NULL, NULL),
("Kimberly Reed", "bowmankristopher", "2005-05-21", 9, NULL, NULL),
("Krista Flores", NULL, "2004-12-15", 3, NULL, NULL),
("Thomas Peterson", NULL, "1982-11-13", 14, "https://www.novak.com/", "https://instagram.com/nataliejohnson"),
("Julia Fuller", "bharper", "2004-07-23", 18, NULL, "https://instagram.com/janice43"),
("Scott Haley", "ugriffin", "1976-10-13", 13, "https://clark.com/", "https://instagram.com/gutierrezcharles"),
("Timothy Everett", NULL, "1998-11-07", 6, "https://parker.info/", NULL),
("Victoria Campbell", NULL, "2001-04-19", 14, "http://www.henry.com/", "https://instagram.com/timothynguyen"),
("James Burton", "michael94", "1969-01-21", 5, "http://www.blair-brock.com/", "https://instagram.com/andrewblack");


/* bands*/

INSERT INTO band (
    name,
    formation_date,
    subgenre_id,
    web_page,
    instagram_profile
) VALUES
("Brown Inc", "1983-10-16", 11, NULL, NULL),
("Webb and Sons", "1976-03-02", 20, "https://www.jensen.biz/", NULL),
("Burgess Group", "2000-11-09", 9, "https://wood.com/", NULL),
("Parsons-Stafford", "2000-12-07", 17, NULL, "https://instagram.com/michael97"),
("Le Ltd", "2023-09-19", 4, "https://silva-ballard.com/", "https://instagram.com/mccalldaniel"),
("Patterson Ltd", "1972-11-20", 10, NULL, NULL),
("Tanner PLC", "2005-03-13", 5, NULL, NULL),
("Vazquez-Young", "1999-12-15", 2, "https://reid.biz/", "https://instagram.com/ccastillo"),
("Harper PLC", "1997-07-15", 16, "https://www.holden.info/", "https://instagram.com/mduncan"),
("Smith-Montoya", "2019-08-08", 10, "http://gross-fields.net/", NULL),
("Williams-Torres", "1981-03-13", 14, NULL, NULL),
("Rivers-Briggs", "2000-04-10", 16, NULL, NULL),
("Hill Ltd", "2001-12-22", 5, NULL, "https://instagram.com/gpacheco"),
("Rodriguez-Silva", "2023-08-26", 7, NULL, "https://instagram.com/harryalvarez"),
("Lindsey, Martin and Davis", "2010-02-12", 10, NULL, "https://instagram.com/stevennguyen"),
("Orr-Wise", "1988-12-04", 11, "https://reid-hill.net/", "https://instagram.com/brandonstrong"),
("Ryan, Hayden and Davies", "1977-07-01", 14, "http://www.ford.com/", NULL),
("Wheeler-Thompson", "1986-04-05", 14, NULL, "https://instagram.com/cdavis"),
("Kramer, Garcia and Miller", "2020-06-19", 16, "http://anderson.org/", "https://instagram.com/catherine41"),
("Gonzalez, Rivera and Cruz", "2022-09-20", 13, NULL, "https://instagram.com/geraldhurst");


/*=======

NOW WE HAVE TO FILL THE LINKING TABLES

=======*/


/* venue requires equipment*/


INSERT INTO venue_requires_equipment (
    venue_id,
    equipment_id,
    quantity
) VALUES
(1, 3, 10),
(1, 5, 4),
(2, 4, 4),
(2, 2, 9),
(3, 4, 7),
(3, 1, 10),
(4, 3, 4),
(4, 2, 6),
(4, 4, 3),
(4, 1, 9),
(5, 2, 7),
(5, 4, 4),
(6, 1, 9),
(6, 4, 6),
(6, 3, 3),
(6, 5, 8),
(7, 1, 6),
(7, 3, 6),
(7, 2, 10),
(7, 4, 2),
(7, 5, 8),
(8, 4, 1),
(8, 5, 2),
(8, 3, 6),
(8, 1, 5),
(8, 2, 5),
(9, 2, 3),
(9, 5, 9),
(10, 1, 2),
(10, 2, 10),
(10, 3, 10),
(10, 5, 8),
(11, 4, 6),
(11, 1, 4),
(11, 5, 5),
(12, 5, 9),
(12, 1, 2),
(12, 3, 5),
(12, 4, 9),
(12, 2, 7),
(13, 5, 3),
(13, 3, 9),
(13, 2, 7),
(13, 4, 4),
(14, 1, 2),
(14, 3, 5),
(14, 5, 7),
(14, 2, 5),
(15, 5, 6),
(15, 2, 6),
(15, 1, 2),
(15, 3, 1),
(15, 4, 6),
(16, 2, 4),
(16, 3, 1),
(17, 2, 2),
(17, 1, 6),
(17, 5, 10),
(17, 3, 1),
(17, 4, 9),
(18, 1, 9),
(18, 4, 5),
(18, 5, 10),
(18, 3, 4),
(18, 2, 10),
(19, 2, 2),
(19, 3, 6),
(19, 4, 2),
(20, 2, 10),
(20, 3, 1),
(20, 5, 3),
(20, 4, 3),
(21, 3, 3),
(21, 4, 3),
(22, 1, 9),
(22, 2, 2),
(22, 3, 2),
(22, 4, 3),
(23, 2, 1),
(23, 3, 9),
(23, 5, 5),
(23, 4, 7),
(23, 1, 7),
(24, 5, 8),
(24, 1, 7),
(24, 4, 10),
(24, 2, 10),
(25, 1, 2),
(25, 2, 9),
(25, 4, 10),
(25, 5, 8),
(25, 3, 5),
(26, 3, 5),
(26, 1, 6),
(26, 4, 9),
(26, 2, 4),
(27, 2, 2),
(27, 5, 9),
(27, 1, 1),
(27, 4, 1),
(28, 5, 3),
(28, 2, 4),
(28, 4, 9),
(28, 3, 9),
(28, 1, 6),
(29, 5, 9),
(29, 1, 10),
(30, 5, 5),
(30, 4, 4);

/*venue staff assignement*/


INSERT INTO venue_staff_assignment (
    venue_id,
    staff_id
) VALUES
(1, 46),
(1, 12),
(1, 2),
(1, 134),
(1, 140),
(1, 171),
(2, 54),
(2, 40),
(2, 64),
(2, 121),
(2, 149),
(2, 161),
(3, 56),
(3, 17),
(3, 58),
(3, 115),
(3, 135),
(3, 191),
(4, 61),
(4, 38),
(4, 20),
(4, 147),
(4, 145),
(4, 170),
(5, 4),
(5, 37),
(5, 63),
(5, 114),
(5, 128),
(5, 167),
(6, 18),
(6, 90),
(6, 82),
(6, 142),
(6, 103),
(6, 190),
(7, 50),
(7, 78),
(7, 60),
(7, 131),
(7, 144),
(7, 164),
(8, 27),
(8, 3),
(8, 33),
(8, 158),
(8, 153),
(8, 160),
(9, 93),
(9, 21),
(9, 19),
(9, 136),
(9, 102),
(9, 192),
(10, 15),
(10, 62),
(10, 6),
(10, 109),
(10, 154),
(10, 188),
(11, 91),
(11, 95),
(11, 35),
(11, 150),
(11, 138),
(11, 175),
(12, 30),
(12, 83),
(12, 68),
(12, 126),
(12, 97),
(12, 176),
(13, 47),
(13, 75),
(13, 53),
(13, 116),
(13, 124),
(13, 172),
(14, 43),
(14, 66),
(14, 36),
(14, 110),
(14, 108),
(14, 173),
(15, 81),
(15, 42),
(15, 51),
(15, 141),
(15, 137),
(15, 187),
(16, 25),
(16, 65),
(16, 8),
(16, 118),
(16, 157),
(16, 181),
(17, 80),
(17, 55),
(17, 41),
(17, 117),
(17, 151),
(17, 182),
(18, 87),
(18, 14),
(18, 44),
(18, 99),
(18, 130),
(18, 180),
(19, 72),
(19, 84),
(19, 94),
(19, 111),
(19, 119),
(19, 183),
(20, 10),
(20, 69),
(20, 92),
(20, 127),
(20, 159),
(20, 178),
(21, 70),
(21, 34),
(21, 13),
(21, 113),
(21, 139),
(21, 177),
(22, 59),
(22, 5),
(22, 22),
(22, 129),
(22, 146),
(22, 186),
(23, 28),
(23, 74),
(23, 39),
(23, 143),
(23, 148),
(23, 184),
(24, 89),
(24, 57),
(24, 45),
(24, 125),
(24, 112),
(24, 185),
(25, 77),
(25, 71),
(25, 31),
(25, 105),
(25, 133),
(25, 179),
(26, 11),
(26, 96),
(26, 48),
(26, 152),
(26, 104),
(26, 174),
(27, 32),
(27, 26),
(27, 49),
(27, 101),
(27, 156),
(27, 189),
(28, 24),
(28, 86),
(28, 88),
(28, 107),
(28, 100),
(28, 163),
(29, 29),
(29, 73),
(29, 85),
(29, 120),
(29, 122),
(29, 166),
(30, 1),
(30, 7),
(30, 79),
(30, 155),
(30, 98),
(30, 169);



/*artist who belong to band(s)*/ 

INSERT INTO artist_belongs (
    artist_id,
    band_id
) VALUES
(55, 11),
(86, 20),
(70, 9),
(41, 9),
(9, 8),
(99, 2),
(2, 2),
(10, 3),
(9, 17),
(8, 15),
(65, 15),
(24, 11),
(10, 18),
(48, 8),
(18, 1),
(23, 9),
(92, 2),
(77, 13),
(44, 7),
(57, 13),
(20, 6),
(40, 18),
(60, 11),
(37, 19),
(94, 16),
(1, 4),
(42, 15),
(51, 20),
(25, 11),
(31, 2);



/*PERFORMERSSS*/

INSERT INTO performer (
    artist_id,
    band_id
) VALUES
(1, NULL),
(2, NULL),
(3, NULL),
(4, NULL),
(5, NULL),
(6, NULL),
(7, NULL),
(8, NULL),
(9, NULL),
(12, NULL),
(13, NULL),
(14, NULL),
(16, NULL),
(17, NULL),
(18, NULL),
(20, NULL),
(21, NULL),
(22, NULL),
(23, NULL),
(24, NULL),
(26, NULL),
(28, NULL),
(29, NULL),
(30, NULL),
(32, NULL),
(33, NULL),
(35, NULL),
(36, NULL),
(38, NULL),
(39, NULL),
(40, NULL),
(41, NULL),
(42, NULL),
(43, NULL),
(45, NULL),
(46, NULL),
(48, NULL),
(49, NULL),
(53, NULL),
(54, NULL),
(55, NULL),
(56, NULL),
(57, NULL),
(59, NULL),
(61, NULL),
(62, NULL),
(63, NULL),
(65, NULL),
(67, NULL),
(68, NULL),
(69, NULL),
(70, NULL),
(72, NULL),
(73, NULL),
(74, NULL),
(75, NULL),
(77, NULL),
(78, NULL),
(79, NULL),
(80, NULL),
(81, NULL),
(84, NULL),
(87, NULL),
(88, NULL),
(91, NULL),
(94, NULL),
(95, NULL),
(97, NULL),
(99, NULL),
(100, NULL),
(NULL, 1),
(NULL, 2),
(NULL, 3),
(NULL, 4),
(NULL, 5),
(NULL, 6),
(NULL, 7),
(NULL, 8),
(NULL, 9),
(NULL, 10),
(NULL, 11),
(NULL, 12),
(NULL, 13),
(NULL, 14),
(NULL, 15),
(NULL, 16),
(NULL, 17),
(NULL, 18),
(NULL, 19),
(NULL, 20);



/*events**********/

INSERT INTO event (
    name,
    description,
    date,
    start_time,
    end_time,
    venue_id,
    festival_id
) VALUES
('Event at Venue 1 on 2017-08-12', 'Exciting event held at venue 1 during the festival.', '2017-08-12', '2017-08-12 17:00:00', '2017-08-12 22:00:00', 1, 1),
('Event at Venue 2 on 2017-08-12', 'Exciting event held at venue 2 during the festival.', '2017-08-12', '2017-08-12 17:00:00', '2017-08-12 22:00:00', 2, 1),
('Event at Venue 3 on 2017-08-12', 'Exciting event held at venue 3 during the festival.', '2017-08-12', '2017-08-12 17:00:00', '2017-08-12 22:00:00', 3, 1),
('Event at Venue 1 on 2017-08-13', 'Exciting event held at venue 1 during the festival.', '2017-08-13', '2017-08-13 17:00:00', '2017-08-13 22:00:00', 1, 1),
('Event at Venue 2 on 2017-08-13', 'Exciting event held at venue 2 during the festival.', '2017-08-13', '2017-08-13 17:00:00', '2017-08-13 22:00:00', 2, 1),
('Event at Venue 3 on 2017-08-13', 'Exciting event held at venue 3 during the festival.', '2017-08-13', '2017-08-13 17:00:00', '2017-08-13 22:00:00', 3, 1),
('Event at Venue 4 on 2018-08-12', 'Exciting event held at venue 4 during the festival.', '2018-08-12', '2018-08-12 17:00:00', '2018-08-12 22:00:00', 4, 2),
('Event at Venue 5 on 2018-08-12', 'Exciting event held at venue 5 during the festival.', '2018-08-12', '2018-08-12 17:00:00', '2018-08-12 22:00:00', 5, 2),
('Event at Venue 6 on 2018-08-12', 'Exciting event held at venue 6 during the festival.', '2018-08-12', '2018-08-12 17:00:00', '2018-08-12 22:00:00', 6, 2),
('Event at Venue 7 on 2019-08-12', 'Exciting event held at venue 7 during the festival.', '2019-08-12', '2019-08-12 17:00:00', '2019-08-12 22:00:00', 7, 3),
('Event at Venue 8 on 2019-08-12', 'Exciting event held at venue 8 during the festival.', '2019-08-12', '2019-08-12 17:00:00', '2019-08-12 22:00:00', 8, 3),
('Event at Venue 9 on 2019-08-12', 'Exciting event held at venue 9 during the festival.', '2019-08-12', '2019-08-12 17:00:00', '2019-08-12 22:00:00', 9, 3),
('Event at Venue 7 on 2019-08-13', 'Exciting event held at venue 7 during the festival.', '2019-08-13', '2019-08-13 17:00:00', '2019-08-13 22:00:00', 7, 3),
('Event at Venue 8 on 2019-08-13', 'Exciting event held at venue 8 during the festival.', '2019-08-13', '2019-08-13 17:00:00', '2019-08-13 22:00:00', 8, 3),
('Event at Venue 9 on 2019-08-13', 'Exciting event held at venue 9 during the festival.', '2019-08-13', '2019-08-13 17:00:00', '2019-08-13 22:00:00', 9, 3),
('Event at Venue 10 on 2020-08-12', 'Exciting event held at venue 10 during the festival.', '2020-08-12', '2020-08-12 17:00:00', '2020-08-12 22:00:00', 10, 4),
('Event at Venue 11 on 2020-08-12', 'Exciting event held at venue 11 during the festival.', '2020-08-12', '2020-08-12 17:00:00', '2020-08-12 22:00:00', 11, 4),
('Event at Venue 12 on 2020-08-12', 'Exciting event held at venue 12 during the festival.', '2020-08-12', '2020-08-12 17:00:00', '2020-08-12 22:00:00', 12, 4),
('Event at Venue 13 on 2021-08-12', 'Exciting event held at venue 13 during the festival.', '2021-08-12', '2021-08-12 17:00:00', '2021-08-12 22:00:00', 13, 5),
('Event at Venue 14 on 2021-08-12', 'Exciting event held at venue 14 during the festival.', '2021-08-12', '2021-08-12 17:00:00', '2021-08-12 22:00:00', 14, 5),
('Event at Venue 15 on 2021-08-12', 'Exciting event held at venue 15 during the festival.', '2021-08-12', '2021-08-12 17:00:00', '2021-08-12 22:00:00', 15, 5),
('Event at Venue 13 on 2021-08-13', 'Exciting event held at venue 13 during the festival.', '2021-08-13', '2021-08-13 17:00:00', '2021-08-13 22:00:00', 13, 5),
('Event at Venue 14 on 2021-08-13', 'Exciting event held at venue 14 during the festival.', '2021-08-13', '2021-08-13 17:00:00', '2021-08-13 22:00:00', 14, 5),
('Event at Venue 15 on 2021-08-13', 'Exciting event held at venue 15 during the festival.', '2021-08-13', '2021-08-13 17:00:00', '2021-08-13 22:00:00', 15, 5),
('Event at Venue 16 on 2022-08-12', 'Exciting event held at venue 16 during the festival.', '2022-08-12', '2022-08-12 17:00:00', '2022-08-12 22:00:00', 16, 6),
('Event at Venue 17 on 2022-08-12', 'Exciting event held at venue 17 during the festival.', '2022-08-12', '2022-08-12 17:00:00', '2022-08-12 22:00:00', 17, 6),
('Event at Venue 18 on 2022-08-12', 'Exciting event held at venue 18 during the festival.', '2022-08-12', '2022-08-12 17:00:00', '2022-08-12 22:00:00', 18, 6),
('Event at Venue 19 on 2023-08-12', 'Exciting event held at venue 19 during the festival.', '2023-08-12', '2023-08-12 17:00:00', '2023-08-12 22:00:00', 19, 7),
('Event at Venue 20 on 2023-08-12', 'Exciting event held at venue 20 during the festival.', '2023-08-12', '2023-08-12 17:00:00', '2023-08-12 22:00:00', 20, 7),
('Event at Venue 21 on 2023-08-12', 'Exciting event held at venue 21 during the festival.', '2023-08-12', '2023-08-12 17:00:00', '2023-08-12 22:00:00', 21, 7),
('Event at Venue 19 on 2023-08-13', 'Exciting event held at venue 19 during the festival.', '2023-08-13', '2023-08-13 17:00:00', '2023-08-13 22:00:00', 19, 7),
('Event at Venue 20 on 2023-08-13', 'Exciting event held at venue 20 during the festival.', '2023-08-13', '2023-08-13 17:00:00', '2023-08-13 22:00:00', 20, 7),
('Event at Venue 21 on 2023-08-13', 'Exciting event held at venue 21 during the festival.', '2023-08-13', '2023-08-13 17:00:00', '2023-08-13 22:00:00', 21, 7),
('Event at Venue 22 on 2024-08-12', 'Exciting event held at venue 22 during the festival.', '2024-08-12', '2024-08-12 17:00:00', '2024-08-12 22:00:00', 22, 8),
('Event at Venue 23 on 2024-08-12', 'Exciting event held at venue 23 during the festival.', '2024-08-12', '2024-08-12 17:00:00', '2024-08-12 22:00:00', 23, 8),
('Event at Venue 24 on 2024-08-12', 'Exciting event held at venue 24 during the festival.', '2024-08-12', '2024-08-12 17:00:00', '2024-08-12 22:00:00', 24, 8),
('Event at Venue 25 on 2025-08-12', 'Exciting event held at venue 25 during the festival.', '2025-08-12', '2025-08-12 17:00:00', '2025-08-12 22:00:00', 25, 9),
('Event at Venue 26 on 2025-08-12', 'Exciting event held at venue 26 during the festival.', '2025-08-12', '2025-08-12 17:00:00', '2025-08-12 22:00:00', 26, 9),
('Event at Venue 27 on 2025-08-12', 'Exciting event held at venue 27 during the festival.', '2025-08-12', '2025-08-12 17:00:00', '2025-08-12 22:00:00', 27, 9),
('Event at Venue 25 on 2025-08-13', 'Exciting event held at venue 25 during the festival.', '2025-08-13', '2025-08-13 17:00:00', '2025-08-13 22:00:00', 25, 9),
('Event at Venue 26 on 2025-08-13', 'Exciting event held at venue 26 during the festival.', '2025-08-13', '2025-08-13 17:00:00', '2025-08-13 22:00:00', 26, 9),
('Event at Venue 27 on 2025-08-13', 'Exciting event held at venue 27 during the festival.', '2025-08-13', '2025-08-13 17:00:00', '2025-08-13 22:00:00', 27, 9),
('Event at Venue 28 on 2026-08-12', 'Exciting event held at venue 28 during the festival.', '2026-08-12', '2026-08-12 17:00:00', '2026-08-12 22:00:00', 28, 10),
('Event at Venue 29 on 2026-08-12', 'Exciting event held at venue 29 during the festival.', '2026-08-12', '2026-08-12 17:00:00', '2026-08-12 22:00:00', 29, 10),
('Event at Venue 30 on 2026-08-12', 'Exciting event held at venue 30 during the festival.', '2026-08-12', '2026-08-12 17:00:00', '2026-08-12 22:00:00', 30, 10);



/*imagesssss*/

INSERT INTO festival_image (
    festival_id,
    image_url,
    description
) VALUES
(1, 'https://example.com/festival1.jpg', 'Poster for Festival Year 2017'),
(2, 'https://example.com/festival2.jpg', 'Poster for Festival Year 2018'),
(3, 'https://example.com/festival3.jpg', 'Poster for Festival Year 2019'),
(4, 'https://example.com/festival4.jpg', 'Poster for Festival Year 2020'),
(5, 'https://example.com/festival5.jpg', 'Poster for Festival Year 2021'),
(6, 'https://example.com/festival6.jpg', 'Poster for Festival Year 2022'),
(7, 'https://example.com/festival7.jpg', 'Poster for Festival Year 2023'),
(8, 'https://example.com/festival8.jpg', 'Poster for Festival Year 2024'),
(9, 'https://example.com/festival9.jpg', 'Poster for Festival Year 2025'),
(10, 'https://example.com/festival10.jpg', 'Poster for Festival Year 2026');


INSERT INTO venue_image (
    venue_id,
    image_url,
    description
) VALUES
(1, 'https://example.com/venue1.jpg', 'Photo of Jensen, Davis and Rice Stage'),
(2, 'https://example.com/venue2.jpg', 'Photo of Brown, Harvey and Vasquez Stage'),
(3, 'https://example.com/venue3.jpg', 'Photo of Johnson-Shepherd Stage'),
(4, 'https://example.com/venue4.jpg', 'Photo of Silva PLC Stage'),
(5, 'https://example.com/venue5.jpg', 'Photo of Mason Group Stage'),
(6, 'https://example.com/venue6.jpg', 'Photo of Reed and Sons Stage'),
(7, 'https://example.com/venue7.jpg', 'Photo of Sanders PLC Stage'),
(8, 'https://example.com/venue8.jpg', 'Photo of Garcia-Reyes Stage'),
(9, 'https://example.com/venue9.jpg', 'Photo of Meyer, Rice and Evans Stage'),
(10, 'https://example.com/venue10.jpg', 'Photo of Dalton PLC Stage'),
(11, 'https://example.com/venue11.jpg', 'Photo of Myers Inc Stage'),
(12, 'https://example.com/venue12.jpg', 'Photo of Black Inc Stage'),
(13, 'https://example.com/venue13.jpg', 'Photo of Smith-King Stage'),
(14, 'https://example.com/venue14.jpg', 'Photo of Wong, Pope and Lyons Stage'),
(15, 'https://example.com/venue15.jpg', 'Photo of Maxwell LLC Stage'),
(16, 'https://example.com/venue16.jpg', 'Photo of Davis-Tyler Stage'),
(17, 'https://example.com/venue17.jpg', 'Photo of Thomas, Chang and Bates Stage'),
(18, 'https://example.com/venue18.jpg', 'Photo of Hammond-Fry Stage'),
(19, 'https://example.com/venue19.jpg', 'Photo of Gutierrez, Lewis and Cook Stage'),
(20, 'https://example.com/venue20.jpg', 'Photo of Knox, Davis and Leonard Stage'),
(21, 'https://example.com/venue21.jpg', 'Photo of Lee Group Stage'),
(22, 'https://example.com/venue22.jpg', 'Photo of Rogers Inc Stage'),
(23, 'https://example.com/venue23.jpg', 'Photo of Romero, Whitehead and Parker Stage'),
(24, 'https://example.com/venue24.jpg', 'Photo of Rodriguez PLC Stage'),
(25, 'https://example.com/venue25.jpg', 'Photo of Bailey-Williams Stage'),
(26, 'https://example.com/venue26.jpg', 'Photo of Anderson Group Stage'),
(27, 'https://example.com/venue27.jpg', 'Photo of Taylor-Clark Stage'),
(28, 'https://example.com/venue28.jpg', 'Photo of Evans-Finley Stage'),
(29, 'https://example.com/venue29.jpg', 'Photo of Hamilton-Taylor Stage'),
(30, 'https://example.com/venue30.jpg', 'Photo of Deleon-Fry Stage');


INSERT INTO artist_image (
    artist_id,
    image_url,
    description
) VALUES
(1, 'https://example.com/artist1.jpg', 'Photo of artist Tanner Esparza'),
(2, 'https://example.com/artist2.jpg', 'Photo of artist William Leblanc'),
(3, 'https://example.com/artist3.jpg', 'Photo of artist Jason Lawson'),
(4, 'https://example.com/artist4.jpg', 'Photo of artist Megan Scott'),
(5, 'https://example.com/artist5.jpg', 'Photo of artist Caroline Keith'),
(6, 'https://example.com/artist6.jpg', 'Photo of artist Sandra Williams'),
(7, 'https://example.com/artist7.jpg', 'Photo of artist Gary Anderson'),
(8, 'https://example.com/artist8.jpg', 'Photo of artist Anthony Gonzalez'),
(9, 'https://example.com/artist9.jpg', 'Photo of artist Carlos Howell'),
(10, 'https://example.com/artist10.jpg', 'Photo of artist Dana Kim'),
(11, 'https://example.com/artist11.jpg', 'Photo of artist Shannon Pittman'),
(12, 'https://example.com/artist12.jpg', 'Photo of artist Jennifer Fuller'),
(13, 'https://example.com/artist13.jpg', 'Photo of artist Patricia Christensen'),
(14, 'https://example.com/artist14.jpg', 'Photo of artist Christopher Rocha'),
(15, 'https://example.com/artist15.jpg', 'Photo of artist Mary Brown'),
(16, 'https://example.com/artist16.jpg', 'Photo of artist Brooke Smith'),
(17, 'https://example.com/artist17.jpg', 'Photo of artist Leslie Caldwell'),
(18, 'https://example.com/artist18.jpg', 'Photo of artist Gloria Roman'),
(19, 'https://example.com/artist19.jpg', 'Photo of artist Timothy Pham'),
(20, 'https://example.com/artist20.jpg', 'Photo of artist Debbie Bishop'),
(21, 'https://example.com/artist21.jpg', 'Photo of artist John Hunt'),
(22, 'https://example.com/artist22.jpg', 'Photo of artist Carrie Harrington'),
(23, 'https://example.com/artist23.jpg', 'Photo of artist David Woodard'),
(24, 'https://example.com/artist24.jpg', 'Photo of artist Alex Cruz'),
(25, 'https://example.com/artist25.jpg', 'Photo of artist Whitney Henry'),
(26, 'https://example.com/artist26.jpg', 'Photo of artist Dawn Wheeler'),
(27, 'https://example.com/artist27.jpg', 'Photo of artist Maria Salas'),
(28, 'https://example.com/artist28.jpg', 'Photo of artist Kevin Johnson'),
(29, 'https://example.com/artist29.jpg', 'Photo of artist Richard Buckley'),
(30, 'https://example.com/artist30.jpg', 'Photo of artist Maria Ramirez'),
(31, 'https://example.com/artist31.jpg', 'Photo of artist Tammy Campbell'),
(32, 'https://example.com/artist32.jpg', 'Photo of artist Brenda Griffin'),
(33, 'https://example.com/artist33.jpg', 'Photo of artist Jessica Reid'),
(34, 'https://example.com/artist34.jpg', 'Photo of artist Lisa Carter'),
(35, 'https://example.com/artist35.jpg', 'Photo of artist Alicia Edwards'),
(36, 'https://example.com/artist36.jpg', 'Photo of artist Jack Sutton'),
(37, 'https://example.com/artist37.jpg', 'Photo of artist Todd Thomas'),
(38, 'https://example.com/artist38.jpg', 'Photo of artist Jessica Miller'),
(39, 'https://example.com/artist39.jpg', 'Photo of artist Frances Torres'),
(40, 'https://example.com/artist40.jpg', 'Photo of artist Andrew Stone'),
(41, 'https://example.com/artist41.jpg', 'Photo of artist Timothy Browning'),
(42, 'https://example.com/artist42.jpg', 'Photo of artist Linda Hester'),
(43, 'https://example.com/artist43.jpg', 'Photo of artist Joshua Young'),
(44, 'https://example.com/artist44.jpg', 'Photo of artist Kaylee Wyatt'),
(45, 'https://example.com/artist45.jpg', 'Photo of artist Thomas Williams'),
(46, 'https://example.com/artist46.jpg', 'Photo of artist Danielle Bartlett'),
(47, 'https://example.com/artist47.jpg', 'Photo of artist Brianna Wright'),
(48, 'https://example.com/artist48.jpg', 'Photo of artist Michael Howell'),
(49, 'https://example.com/artist49.jpg', 'Photo of artist Matthew Rodriguez'),
(50, 'https://example.com/artist50.jpg', 'Photo of artist Nicholas Bailey IV'),
(51, 'https://example.com/artist51.jpg', 'Photo of artist Christopher Smith'),
(52, 'https://example.com/artist52.jpg', 'Photo of artist Deborah Sellers'),
(53, 'https://example.com/artist53.jpg', 'Photo of artist Paul Miles'),
(54, 'https://example.com/artist54.jpg', 'Photo of artist Jeffrey Harris'),
(55, 'https://example.com/artist55.jpg', 'Photo of artist Brittney Alvarez'),
(56, 'https://example.com/artist56.jpg', 'Photo of artist Christopher Silva'),
(57, 'https://example.com/artist57.jpg', 'Photo of artist Karen Smith'),
(58, 'https://example.com/artist58.jpg', 'Photo of artist Pamela Martinez'),
(59, 'https://example.com/artist59.jpg', 'Photo of artist Jeffrey Rios'),
(60, 'https://example.com/artist60.jpg', 'Photo of artist Jacob Guerrero'),
(61, 'https://example.com/artist61.jpg', 'Photo of artist Courtney Morris'),
(62, 'https://example.com/artist62.jpg', 'Photo of artist Brandon Arnold'),
(63, 'https://example.com/artist63.jpg', 'Photo of artist Rebecca Shelton'),
(64, 'https://example.com/artist64.jpg', 'Photo of artist John Lopez'),
(65, 'https://example.com/artist65.jpg', 'Photo of artist Marcus Moore'),
(66, 'https://example.com/artist66.jpg', 'Photo of artist Casey Bailey'),
(67, 'https://example.com/artist67.jpg', 'Photo of artist Alexis Floyd'),
(68, 'https://example.com/artist68.jpg', 'Photo of artist Daniel Olson'),
(69, 'https://example.com/artist69.jpg', 'Photo of artist Jacob Alvarez'),
(70, 'https://example.com/artist70.jpg', 'Photo of artist Kelly Thomas'),
(71, 'https://example.com/artist71.jpg', 'Photo of artist David Escobar'),
(72, 'https://example.com/artist72.jpg', 'Photo of artist John Petersen'),
(73, 'https://example.com/artist73.jpg', 'Photo of artist Michael Taylor'),
(74, 'https://example.com/artist74.jpg', 'Photo of artist Stacy Cook'),
(75, 'https://example.com/artist75.jpg', 'Photo of artist Brett Parks'),
(76, 'https://example.com/artist76.jpg', 'Photo of artist Sierra Smith'),
(77, 'https://example.com/artist77.jpg', 'Photo of artist Jonathan Wagner'),
(78, 'https://example.com/artist78.jpg', 'Photo of artist Scott Keith'),
(79, 'https://example.com/artist79.jpg', 'Photo of artist Kristina Mitchell'),
(80, 'https://example.com/artist80.jpg', 'Photo of artist Johnny Mclaughlin'),
(81, 'https://example.com/artist81.jpg', 'Photo of artist Monica Martin'),
(82, 'https://example.com/artist82.jpg', 'Photo of artist Amanda Doyle'),
(83, 'https://example.com/artist83.jpg', 'Photo of artist Jeffrey Guzman'),
(84, 'https://example.com/artist84.jpg', 'Photo of artist Lisa Henderson'),
(85, 'https://example.com/artist85.jpg', 'Photo of artist Shelby Walker'),
(86, 'https://example.com/artist86.jpg', 'Photo of artist Jose Fox'),
(87, 'https://example.com/artist87.jpg', 'Photo of artist John Chavez'),
(88, 'https://example.com/artist88.jpg', 'Photo of artist Steven Mathews'),
(89, 'https://example.com/artist89.jpg', 'Photo of artist Christopher Lewis'),
(90, 'https://example.com/artist90.jpg', 'Photo of artist Joseph Serrano'),
(91, 'https://example.com/artist91.jpg', 'Photo of artist Yvonne Zhang'),
(92, 'https://example.com/artist92.jpg', 'Photo of artist William Conley'),
(93, 'https://example.com/artist93.jpg', 'Photo of artist Kimberly Reed'),
(94, 'https://example.com/artist94.jpg', 'Photo of artist Krista Flores'),
(95, 'https://example.com/artist95.jpg', 'Photo of artist Thomas Peterson'),
(96, 'https://example.com/artist96.jpg', 'Photo of artist Julia Fuller'),
(97, 'https://example.com/artist97.jpg', 'Photo of artist Scott Haley'),
(98, 'https://example.com/artist98.jpg', 'Photo of artist Timothy Everett'),
(99, 'https://example.com/artist99.jpg', 'Photo of artist Victoria Campbell'),
(100, 'https://example.com/artist100.jpg', 'Photo of artist James Burton');



INSERT INTO band_image (
    band_id,
    image_url,
    description
) VALUES
(1, 'https://example.com/band1_logo.jpg', 'Logo of band Brown Inc'),
(2, 'https://example.com/band2_logo.jpg', 'Logo of band Webb and Sons'),
(3, 'https://example.com/band3_logo.jpg', 'Logo of band Burgess Group'),
(4, 'https://example.com/band4_logo.jpg', 'Logo of band Parsons-Stafford'),
(5, 'https://example.com/band5_logo.jpg', 'Logo of band Le Ltd'),
(6, 'https://example.com/band6_logo.jpg', 'Logo of band Patterson Ltd'),
(7, 'https://example.com/band7_logo.jpg', 'Logo of band Tanner PLC'),
(8, 'https://example.com/band8_logo.jpg', 'Logo of band Vazquez-Young'),
(9, 'https://example.com/band9_logo.jpg', 'Logo of band Harper PLC'),
(10, 'https://example.com/band10_logo.jpg', 'Logo of band Smith-Montoya'),
(11, 'https://example.com/band11_logo.jpg', 'Logo of band Williams-Torres'),
(12, 'https://example.com/band12_logo.jpg', 'Logo of band Rivers-Briggs'),
(13, 'https://example.com/band13_logo.jpg', 'Logo of band Hill Ltd'),
(14, 'https://example.com/band14_logo.jpg', 'Logo of band Rodriguez-Silva'),
(15, 'https://example.com/band15_logo.jpg', 'Logo of band Lindsey, Martin and Davis'),
(16, 'https://example.com/band16_logo.jpg', 'Logo of band Orr-Wise'),
(17, 'https://example.com/band17_logo.jpg', 'Logo of band Ryan, Hayden and Davies'),
(18, 'https://example.com/band18_logo.jpg', 'Logo of band Wheeler-Thompson'),
(19, 'https://example.com/band19_logo.jpg', 'Logo of band Kramer, Garcia and Miller'),
(20, 'https://example.com/band20_logo.jpg', 'Logo of band Gonzalez, Rivera and Cruz');


/*performances*/

INSERT INTO performances (
    event_id,
    type_id,
    start_time,
    end_time,
    venue_id,
    performer_id
) VALUES

(1, 1, '2017-08-12 17:00:00', '2017-08-12 19:39:00', (SELECT venue_id FROM event WHERE event_id = 1), 1),
(1, 1, '2017-08-12 20:03:00', '2017-08-12 20:50:00', (SELECT venue_id FROM event WHERE event_id = 1), 1),
(1, 1, '2017-08-12 21:03:00', '2017-08-12 21:59:00', (SELECT venue_id FROM event WHERE event_id = 1), 1),
(2, 1, '2017-08-12 17:00:00', '2017-08-12 19:48:00', (SELECT venue_id FROM event WHERE event_id = 2), 2),
(2, 1, '2017-08-12 19:53:00', '2017-08-12 20:54:00', (SELECT venue_id FROM event WHERE event_id = 2), 2),
(2, 1, '2017-08-12 21:06:00', '2017-08-12 21:51:00', (SELECT venue_id FROM event WHERE event_id = 2), 2),
(3, 1, '2017-08-12 17:00:00', '2017-08-12 19:24:00', (SELECT venue_id FROM event WHERE event_id = 3), 3),
(3, 1, '2017-08-12 19:52:00', '2017-08-12 21:46:00', (SELECT venue_id FROM event WHERE event_id = 3), 3),
(4, 1, '2017-08-13 17:00:00', '2017-08-13 17:56:00', (SELECT venue_id FROM event WHERE event_id = 4), 4),
(4, 1, '2017-08-13 18:01:00', '2017-08-13 20:52:00', (SELECT venue_id FROM event WHERE event_id = 4), 4),
(4, 1, '2017-08-13 21:18:00', '2017-08-13 21:56:00', (SELECT venue_id FROM event WHERE event_id = 4), 4),
(5, 1, '2017-08-13 17:00:00', '2017-08-13 18:46:00', (SELECT venue_id FROM event WHERE event_id = 5), 5),
(5, 1, '2017-08-13 19:08:00', '2017-08-13 19:48:00', (SELECT venue_id FROM event WHERE event_id = 5), 5),
(5, 1, '2017-08-13 20:03:00', '2017-08-13 21:56:00', (SELECT venue_id FROM event WHERE event_id = 5), 5),
(6, 1, '2017-08-13 17:00:00', '2017-08-13 18:55:00', (SELECT venue_id FROM event WHERE event_id = 6), 6),
(6, 1, '2017-08-13 19:06:00', '2017-08-13 21:04:00', (SELECT venue_id FROM event WHERE event_id = 6), 6),
(6, 1, '2017-08-13 21:21:00', '2017-08-13 21:59:00', (SELECT venue_id FROM event WHERE event_id = 6), 6),
(7, 1, '2018-08-12 17:00:00', '2018-08-12 17:48:00', (SELECT venue_id FROM event WHERE event_id = 7), 10),
(7, 2, '2018-08-12 18:15:00', '2018-08-12 18:50:00', (SELECT venue_id FROM event WHERE event_id = 7), 14),
(7, 3, '2018-08-12 19:08:00', '2018-08-12 21:05:00', (SELECT venue_id FROM event WHERE event_id = 7), 20),
(8, 1, '2018-08-12 17:00:00', '2018-08-12 18:42:00', (SELECT venue_id FROM event WHERE event_id = 8), 64),
(8, 3, '2018-08-12 19:02:00', '2018-08-12 20:36:00', (SELECT venue_id FROM event WHERE event_id = 8), 86),
(8, 2, '2018-08-12 20:54:00', '2018-08-12 21:25:00', (SELECT venue_id FROM event WHERE event_id = 8), 17),
(9, 1, '2018-08-12 17:00:00', '2018-08-12 18:33:00', (SELECT venue_id FROM event WHERE event_id = 9), 53),
(9, 2, '2018-08-12 18:40:00', '2018-08-12 19:16:00', (SELECT venue_id FROM event WHERE event_id = 9), 75),
(9, 2, '2018-08-12 19:23:00', '2018-08-12 20:08:00', (SELECT venue_id FROM event WHERE event_id = 9), 71),
(10, 1, '2019-08-12 17:00:00', '2019-08-12 17:41:00', (SELECT venue_id FROM event WHERE event_id = 10), 89),
(10, 3, '2019-08-12 17:57:00', '2019-08-12 20:02:00', (SELECT venue_id FROM event WHERE event_id = 10), 56),
(10, 3, '2019-08-12 20:17:00', '2019-08-12 21:57:00', (SELECT venue_id FROM event WHERE event_id = 10), 29),
(11, 1, '2019-08-12 17:00:00', '2019-08-12 18:07:00', (SELECT venue_id FROM event WHERE event_id = 11), 76),
(11, 2, '2019-08-12 18:33:00', '2019-08-12 21:07:00', (SELECT venue_id FROM event WHERE event_id = 11), 14),
(12, 1, '2019-08-12 17:00:00', '2019-08-12 18:30:00', (SELECT venue_id FROM event WHERE event_id = 12), 2),
(12, 3, '2019-08-12 18:45:00', '2019-08-12 19:44:00', (SELECT venue_id FROM event WHERE event_id = 12), 85),
(12, 3, '2019-08-12 20:04:00', '2019-08-12 21:28:00', (SELECT venue_id FROM event WHERE event_id = 12), 22),
(13, 1, '2019-08-13 17:00:00', '2019-08-13 19:03:00', (SELECT venue_id FROM event WHERE event_id = 13), 89),
(13, 3, '2019-08-13 19:24:00', '2019-08-13 21:08:00', (SELECT venue_id FROM event WHERE event_id = 13), 79),
(14, 1, '2019-08-13 17:00:00', '2019-08-13 17:50:00', (SELECT venue_id FROM event WHERE event_id = 14), 84),
(14, 2, '2019-08-13 18:20:00', '2019-08-13 20:25:00', (SELECT venue_id FROM event WHERE event_id = 14), 20),
(14, 2, '2019-08-13 20:50:00', '2019-08-13 21:25:00', (SELECT venue_id FROM event WHERE event_id = 14), 39),
(15, 1, '2019-08-13 17:00:00', '2019-08-13 17:56:00', (SELECT venue_id FROM event WHERE event_id = 15), 6),
(15, 3, '2019-08-13 18:23:00', '2019-08-13 20:50:00', (SELECT venue_id FROM event WHERE event_id = 15), 25),
(15, 3, '2019-08-13 21:18:00', '2019-08-13 21:48:00', (SELECT venue_id FROM event WHERE event_id = 15), 26),
(16, 1, '2020-08-12 17:00:00', '2020-08-12 19:29:00', (SELECT venue_id FROM event WHERE event_id = 16), 78),
(16, 3, '2020-08-12 19:56:00', '2020-08-12 20:36:00', (SELECT venue_id FROM event WHERE event_id = 16), 52),
(16, 2, '2020-08-12 20:47:00', '2020-08-12 21:45:00', (SELECT venue_id FROM event WHERE event_id = 16), 5),
(17, 1, '2020-08-12 17:00:00', '2020-08-12 19:08:00', (SELECT venue_id FROM event WHERE event_id = 17), 38),
(17, 2, '2020-08-12 19:30:00', '2020-08-12 21:16:00', (SELECT venue_id FROM event WHERE event_id = 17), 72),
(17, 3, '2020-08-12 21:28:00', '2020-08-12 22:00:00', (SELECT venue_id FROM event WHERE event_id = 17), 1),
(18, 1, '2020-08-12 17:00:00', '2020-08-12 18:20:00', (SELECT venue_id FROM event WHERE event_id = 18), 42),
(18, 2, '2020-08-12 18:43:00', '2020-08-12 19:57:00', (SELECT venue_id FROM event WHERE event_id = 18), 33),
(18, 2, '2020-08-12 20:21:00', '2020-08-12 21:59:00', (SELECT venue_id FROM event WHERE event_id = 18), 68),
(19, 1, '2021-08-12 17:00:00', '2021-08-12 18:19:00', (SELECT venue_id FROM event WHERE event_id = 19), 18),
(19, 3, '2021-08-12 18:40:00', '2021-08-12 19:13:00', (SELECT venue_id FROM event WHERE event_id = 19), 81),
(19, 3, '2021-08-12 19:37:00', '2021-08-12 21:31:00', (SELECT venue_id FROM event WHERE event_id = 19), 69),
(20, 1, '2021-08-12 17:00:00', '2021-08-12 20:00:00', (SELECT venue_id FROM event WHERE event_id = 20), 24),
(20, 3, '2021-08-12 20:21:00', '2021-08-12 21:54:00', (SELECT venue_id FROM event WHERE event_id = 20), 65),
(21, 1, '2021-08-12 17:00:00', '2021-08-12 19:02:00', (SELECT venue_id FROM event WHERE event_id = 21), 66),
(21, 3, '2021-08-12 19:25:00', '2021-08-12 21:02:00', (SELECT venue_id FROM event WHERE event_id = 21), 36),
(21, 3, '2021-08-12 21:17:00', '2021-08-12 21:56:00', (SELECT venue_id FROM event WHERE event_id = 21), 80),
(22, 1, '2021-08-13 17:00:00', '2021-08-13 17:42:00', (SELECT venue_id FROM event WHERE event_id = 22), 82),
(22, 3, '2021-08-13 18:01:00', '2021-08-13 19:37:00', (SELECT venue_id FROM event WHERE event_id = 22), 1),
(22, 3, '2021-08-13 20:07:00', '2021-08-13 20:46:00', (SELECT venue_id FROM event WHERE event_id = 22), 61),
(23, 1, '2021-08-13 17:00:00', '2021-08-13 18:26:00', (SELECT venue_id FROM event WHERE event_id = 23), 88),
(23, 2, '2021-08-13 18:49:00', '2021-08-13 21:48:00', (SELECT venue_id FROM event WHERE event_id = 23), 60),
(24, 1, '2021-08-13 17:00:00', '2021-08-13 19:40:00', (SELECT venue_id FROM event WHERE event_id = 24), 70),
(24, 3, '2021-08-13 20:06:00', '2021-08-13 21:15:00', (SELECT venue_id FROM event WHERE event_id = 24), 31),
(24, 3, '2021-08-13 21:27:00', '2021-08-13 21:58:00', (SELECT venue_id FROM event WHERE event_id = 24), 83),
(25, 1, '2022-08-12 17:00:00', '2022-08-12 17:51:00', (SELECT venue_id FROM event WHERE event_id = 25), 59),
(25, 3, '2022-08-12 18:07:00', '2022-08-12 20:59:00', (SELECT venue_id FROM event WHERE event_id = 25), 46),
(25, 3, '2022-08-12 21:19:00', '2022-08-12 21:51:00', (SELECT venue_id FROM event WHERE event_id = 25), 73),
(26, 1, '2022-08-12 17:00:00', '2022-08-12 19:40:00', (SELECT venue_id FROM event WHERE event_id = 26), 9),
(26, 2, '2022-08-12 19:50:00', '2022-08-12 21:17:00', (SELECT venue_id FROM event WHERE event_id = 26), 19),
(27, 1, '2022-08-12 17:00:00', '2022-08-12 18:07:00', (SELECT venue_id FROM event WHERE event_id = 27), 51),
(27, 2, '2022-08-12 18:17:00', '2022-08-12 19:10:00', (SELECT venue_id FROM event WHERE event_id = 27), 49),
(27, 3, '2022-08-12 19:28:00', '2022-08-12 20:03:00', (SELECT venue_id FROM event WHERE event_id = 27), 27),
(28, 1, '2023-08-12 17:00:00', '2023-08-12 19:48:00', (SELECT venue_id FROM event WHERE event_id = 28), 13),
(28, 2, '2023-08-12 19:56:00', '2023-08-12 20:30:00', (SELECT venue_id FROM event WHERE event_id = 28), 23),
(28, 2, '2023-08-12 20:48:00', '2023-08-12 21:55:00', (SELECT venue_id FROM event WHERE event_id = 28), 44),
(29, 1, '2023-08-12 17:00:00', '2023-08-12 19:00:00', (SELECT venue_id FROM event WHERE event_id = 29), 15),
(29, 3, '2023-08-12 19:12:00', '2023-08-12 21:22:00', (SELECT venue_id FROM event WHERE event_id = 29), 21),
(29, 2, '2023-08-12 21:29:00', '2023-08-12 22:00:00', (SELECT venue_id FROM event WHERE event_id = 29), 50),
(30, 1, '2023-08-12 17:00:00', '2023-08-12 19:08:00', (SELECT venue_id FROM event WHERE event_id = 30), 45),
(30, 3, '2023-08-12 19:13:00', '2023-08-12 21:40:00', (SELECT venue_id FROM event WHERE event_id = 30), 3),
(31, 1, '2023-08-13 17:00:00', '2023-08-13 19:02:00', (SELECT venue_id FROM event WHERE event_id = 31), 77),
(31, 3, '2023-08-13 19:25:00', '2023-08-13 20:41:00', (SELECT venue_id FROM event WHERE event_id = 31), 41),
(31, 3, '2023-08-13 21:07:00', '2023-08-13 21:52:00', (SELECT venue_id FROM event WHERE event_id = 31), 54),
(32, 1, '2023-08-13 17:00:00', '2023-08-13 17:50:00', (SELECT venue_id FROM event WHERE event_id = 32), 63),
(32, 3, '2023-08-13 18:13:00', '2023-08-13 19:13:00', (SELECT venue_id FROM event WHERE event_id = 32), 16),
(32, 3, '2023-08-13 19:28:00', '2023-08-13 21:39:00', (SELECT venue_id FROM event WHERE event_id = 32), 87),
(33, 1, '2023-08-13 17:00:00', '2023-08-13 19:59:00', (SELECT venue_id FROM event WHERE event_id = 33), 10),
(33, 3, '2023-08-13 20:11:00', '2023-08-13 21:42:00', (SELECT venue_id FROM event WHERE event_id = 33), 61),
(34, 1, '2024-08-12 17:00:00', '2024-08-12 19:14:00', (SELECT venue_id FROM event WHERE event_id = 34), 72),
(34, 3, '2024-08-12 19:28:00', '2024-08-12 21:36:00', (SELECT venue_id FROM event WHERE event_id = 34), 85),
(35, 1, '2024-08-12 17:00:00', '2024-08-12 19:09:00', (SELECT venue_id FROM event WHERE event_id = 35), 27),
(35, 2, '2024-08-12 19:33:00', '2024-08-12 21:43:00', (SELECT venue_id FROM event WHERE event_id = 35), 1),
(36, 1, '2024-08-12 17:00:00', '2024-08-12 17:40:00', (SELECT venue_id FROM event WHERE event_id = 36), 67),
(36, 2, '2024-08-12 17:46:00', '2024-08-12 20:07:00', (SELECT venue_id FROM event WHERE event_id = 36), 25),
(36, 3, '2024-08-12 20:32:00', '2024-08-12 21:45:00', (SELECT venue_id FROM event WHERE event_id = 36), 39),
(37, 1, '2025-08-12 17:00:00', '2025-08-12 18:27:00', (SELECT venue_id FROM event WHERE event_id = 37), 17),
(37, 3, '2025-08-12 18:56:00', '2025-08-12 20:44:00', (SELECT venue_id FROM event WHERE event_id = 37), 56),
(37, 2, '2025-08-12 20:54:00', '2025-08-12 21:28:00', (SELECT venue_id FROM event WHERE event_id = 37), 34),
(38, 1, '2025-08-12 17:00:00', '2025-08-12 19:56:00', (SELECT venue_id FROM event WHERE event_id = 38), 12),
(38, 3, '2025-08-12 20:06:00', '2025-08-12 21:55:00', (SELECT venue_id FROM event WHERE event_id = 38), 21),
(39, 1, '2025-08-12 17:00:00', '2025-08-12 18:12:00', (SELECT venue_id FROM event WHERE event_id = 39), 20),
(39, 3, '2025-08-12 18:20:00', '2025-08-12 20:27:00', (SELECT venue_id FROM event WHERE event_id = 39), 77),
(39, 3, '2025-08-12 20:54:00', '2025-08-12 21:51:00', (SELECT venue_id FROM event WHERE event_id = 39), 73),
(40, 1, '2025-08-13 17:00:00', '2025-08-13 17:46:00', (SELECT venue_id FROM event WHERE event_id = 40), 80),
(40, 3, '2025-08-13 18:14:00', '2025-08-13 20:50:00', (SELECT venue_id FROM event WHERE event_id = 40), 10),
(40, 2, '2025-08-13 21:13:00', '2025-08-13 21:44:00', (SELECT venue_id FROM event WHERE event_id = 40), 50),
(41, 1, '2025-08-13 17:00:00', '2025-08-13 19:17:00', (SELECT venue_id FROM event WHERE event_id = 41), 11),
(41, 3, '2025-08-13 19:46:00', '2025-08-13 21:35:00', (SELECT venue_id FROM event WHERE event_id = 41), 42),
(42, 1, '2025-08-13 17:00:00', '2025-08-13 18:31:00', (SELECT venue_id FROM event WHERE event_id = 42), 30),
(42, 3, '2025-08-13 18:45:00', '2025-08-13 20:01:00', (SELECT venue_id FROM event WHERE event_id = 42), 7),
(42, 3, '2025-08-13 20:08:00', '2025-08-13 21:11:00', (SELECT venue_id FROM event WHERE event_id = 42), 74),
(43, 1, '2026-08-12 17:00:00', '2026-08-12 19:49:00', (SELECT venue_id FROM event WHERE event_id = 43), 62),
(43, 3, '2026-08-12 20:18:00', '2026-08-12 21:02:00', (SELECT venue_id FROM event WHERE event_id = 43), 38),
(43, 3, '2026-08-12 21:15:00', '2026-08-12 21:56:00', (SELECT venue_id FROM event WHERE event_id = 43), 55),
(44, 1, '2026-08-12 17:00:00', '2026-08-12 18:08:00', (SELECT venue_id FROM event WHERE event_id = 44), 79),
(44, 2, '2026-08-12 18:21:00', '2026-08-12 19:48:00', (SELECT venue_id FROM event WHERE event_id = 44), 52),
(44, 3, '2026-08-12 19:54:00', '2026-08-12 20:52:00', (SELECT venue_id FROM event WHERE event_id = 44), 26),
(45, 1, '2026-08-12 17:00:00', '2026-08-12 19:19:00', (SELECT venue_id FROM event WHERE event_id = 45), 64),
(45, 3, '2026-08-12 19:49:00', '2026-08-12 21:17:00', (SELECT venue_id FROM event WHERE event_id = 45), 13),
(45, 2, '2026-08-12 21:23:00', '2026-08-12 21:56:00', (SELECT venue_id FROM event WHERE event_id = 45), 81);

/*tickets for past years 2017-2024 some active some not*/



INSERT INTO ticket (
    person_id,
    event_id,
    ticket_category_id,
    venue_id,
    purchase_date,
    purchase_method_id,
    price,
    EAN_13_code,
    activated
) VALUES
(101, 3, 3, 3, '2017-07-20', 2, 15.0, '7502714486973', TRUE),
(54, 1, 1, 1, '2017-07-14', 3, 5.0, '4469190682941', TRUE),
(60, 5, 1, 2, '2017-07-19', 3, 10.0, '8279258747868', TRUE),
(81, 3, 2, 3, '2017-07-13', 1, 10.0, '6500251380731', TRUE),
(9, 2, 2, 2, '2017-07-19', 2, 10.0, '4867818877165', TRUE),
(148, 2, 2, 2, '2017-07-13', 1, 10.0, '5596840303209', TRUE),
(91, 6, 2, 3, '2017-07-26', 2, 20.0, '6184998750955', TRUE),
(90, 5, 1, 2, '2017-07-15', 2, 10.0, '1665651796779', TRUE),
(121, 2, 1, 2, '2017-08-07', 3, 5.0, '3115813421106', TRUE),
(45, 6, 1, 3, '2017-07-27', 1, 10.0, '6811461748833', TRUE),
(147, 4, 2, 1, '2017-07-23', 3, 20.0, '1867282741364', TRUE),
(177, 3, 1, 3, '2017-07-23', 1, 5.0, '0194224954336', FALSE),
(18, 4, 3, 1, '2017-07-21', 1, 30.0, '9743532977836', TRUE),
(162, 3, 3, 3, '2017-07-17', 3, 15.0, '5620185813823', TRUE),
(172, 4, 3, 1, '2017-08-09', 1, 30.0, '5610215656077', TRUE),
(218, 5, 1, 2, '2017-08-02', 1, 10.0, '9535961925272', TRUE),
(143, 3, 3, 3, '2017-08-10', 2, 15.0, '8270799567760', TRUE),
(105, 4, 3, 1, '2017-07-20', 1, 30.0, '1630489763727', TRUE),
(207, 2, 2, 2, '2017-08-02', 2, 10.0, '5030569907337', TRUE),
(85, 4, 1, 1, '2017-07-18', 1, 10.0, '2723589637230', TRUE),
(160, 4, 2, 1, '2017-07-25', 1, 20.0, '4605351517251', TRUE),
(156, 5, 1, 2, '2017-08-10', 3, 10.0, '0620667439730', TRUE),
(21, 1, 2, 1, '2017-08-09', 1, 10.0, '0770506126732', TRUE),
(116, 6, 3, 3, '2017-07-28', 3, 30.0, '3305208820867', TRUE),
(197, 2, 1, 2, '2017-07-28', 1, 5.0, '0507891781925', TRUE),
(106, 4, 1, 1, '2017-08-09', 1, 10.0, '3886965215212', TRUE),
(16, 3, 1, 3, '2017-08-03', 1, 5.0, '6651728757023', TRUE),
(96, 5, 1, 2, '2017-07-20', 3, 10.0, '4556807396328', TRUE),
(149, 3, 3, 3, '2017-07-28', 2, 15.0, '8073705800551', TRUE),
(91, 2, 1, 2, '2017-08-05', 1, 5.0, '6324788680569', TRUE),
(77, 5, 1, 2, '2017-08-07', 3, 10.0, '6012217193845', FALSE),
(211, 6, 1, 3, '2017-07-17', 1, 10.0, '0050049591279', TRUE),
(181, 1, 3, 1, '2017-08-04', 1, 15.0, '9041091484224', TRUE),
(22, 1, 2, 1, '2017-07-15', 1, 10.0, '2349788937528', TRUE),
(103, 5, 3, 2, '2017-07-22', 3, 30.0, '6487571511805', TRUE),
(174, 5, 1, 2, '2017-07-17', 3, 10.0, '4766841328023', TRUE),
(137, 1, 1, 1, '2017-08-03', 1, 5.0, '3874481913139', TRUE),
(207, 1, 3, 1, '2017-08-07', 3, 15.0, '4860399113212', TRUE),
(217, 1, 2, 1, '2017-08-03', 3, 10.0, '8805762993080', TRUE),
(94, 6, 3, 3, '2017-07-19', 1, 30.0, '8514266863406', TRUE),
(197, 5, 3, 2, '2017-07-21', 3, 30.0, '0253177909143', TRUE),
(165, 5, 1, 2, '2017-07-22', 1, 10.0, '7269330774819', TRUE),
(182, 5, 2, 2, '2017-08-03', 1, 20.0, '0767824667483', TRUE),
(140, 4, 1, 1, '2017-08-11', 3, 10.0, '8509234949956', TRUE),
(199, 6, 1, 3, '2017-08-09', 2, 10.0, '4327143994813', TRUE),
(218, 6, 3, 3, '2017-08-11', 3, 30.0, '5328672234926', TRUE),
(204, 5, 2, 2, '2017-07-27', 1, 20.0, '5308976490204', FALSE),
(48, 6, 1, 3, '2017-08-10', 3, 10.0, '3880972906063', TRUE),
(37, 4, 1, 1, '2017-08-05', 1, 10.0, '2160662646447', TRUE),
(37, 1, 3, 1, '2017-08-09', 1, 15.0, '7904350103258', TRUE),
(193, 5, 1, 2, '2017-08-02', 2, 10.0, '4998854337806', TRUE),
(70, 1, 3, 1, '2017-08-11', 1, 15.0, '2575344388773', TRUE),
(200, 4, 1, 1, '2017-07-20', 2, 10.0, '7374264193257', TRUE),
(125, 6, 1, 3, '2017-07-24', 2, 10.0, '1597575001846', TRUE),
(37, 5, 1, 2, '2017-07-22', 3, 10.0, '9618155266157', TRUE),
(59, 5, 1, 2, '2017-07-14', 2, 10.0, '2823110467384', TRUE),
(125, 5, 2, 2, '2017-08-04', 3, 20.0, '8040257039512', TRUE),
(11, 3, 3, 3, '2017-07-16', 2, 15.0, '4851295680823', TRUE),
(173, 4, 1, 1, '2017-08-07', 3, 10.0, '6934156159931', TRUE),
(198, 3, 1, 3, '2017-07-26', 3, 5.0, '5390109359798', TRUE),
(46, 6, 1, 3, '2017-07-26', 3, 10.0, '8389248214156', FALSE),
(208, 2, 1, 2, '2017-07-30', 3, 5.0, '6057343104497', TRUE),
(94, 4, 3, 1, '2017-08-02', 1, 30.0, '8414398413768', TRUE),
(38, 2, 1, 2, '2017-07-29', 3, 5.0, '0133165549754', TRUE),
(149, 1, 3, 1, '2017-07-15', 3, 15.0, '5209397285483', TRUE),
(84, 4, 2, 1, '2017-07-15', 3, 20.0, '7975633945207', FALSE),
(198, 4, 1, 1, '2017-08-03', 3, 10.0, '4532161579691', TRUE),
(23, 1, 3, 1, '2017-07-31', 1, 15.0, '7855123417574', FALSE),
(104, 4, 2, 1, '2017-07-22', 1, 20.0, '8722569178980', TRUE),
(164, 3, 1, 3, '2017-08-01', 3, 5.0, '1866525148701', TRUE),
(181, 5, 1, 2, '2017-08-01', 1, 10.0, '1296634491949', TRUE),
(193, 2, 3, 2, '2017-08-03', 2, 15.0, '7101019003288', TRUE),
(35, 1, 3, 1, '2017-08-05', 3, 15.0, '3541273258123', TRUE),
(154, 5, 1, 2, '2017-07-25', 2, 10.0, '4839087296539', FALSE),
(160, 5, 3, 2, '2017-07-23', 2, 30.0, '6015054753523', TRUE),
(17, 5, 1, 2, '2017-08-01', 2, 10.0, '8649056365638', FALSE),
(59, 1, 1, 1, '2017-07-28', 1, 5.0, '2634564516360', TRUE),
(61, 5, 1, 2, '2017-08-02', 3, 10.0, '4390655099688', TRUE),
(158, 1, 1, 1, '2017-07-21', 1, 5.0, '3398755939391', TRUE),
(29, 1, 2, 1, '2017-08-01', 2, 10.0, '5861709526622', TRUE),
(199, 9, 2, 6, '2018-08-02', 3, 10.0, '1965791663113', TRUE),
(191, 7, 2, 4, '2018-08-02', 2, 10.0, '8465866770098', TRUE),
(53, 9, 3, 6, '2018-08-09', 3, 15.0, '6985858827354', TRUE),
(90, 8, 2, 5, '2018-07-24', 1, 10.0, '6768381822549', TRUE),
(105, 7, 2, 4, '2018-08-06', 1, 10.0, '1077137702373', TRUE),
(40, 7, 1, 4, '2018-07-26', 1, 5.0, '1645379476957', FALSE),
(98, 8, 1, 5, '2018-07-31', 3, 5.0, '5495404579356', TRUE),
(136, 7, 1, 4, '2018-07-30', 3, 5.0, '0769060964491', TRUE),
(55, 8, 1, 5, '2018-08-01', 2, 5.0, '9865351437566', TRUE),
(169, 8, 2, 5, '2018-07-23', 1, 10.0, '2641356046616', FALSE),
(206, 7, 2, 4, '2018-08-08', 2, 10.0, '7577215882896', TRUE),
(128, 7, 1, 4, '2018-07-29', 1, 5.0, '5644336317112', TRUE),
(93, 9, 3, 6, '2018-07-30', 1, 15.0, '0868260509355', TRUE),
(4, 7, 1, 4, '2018-07-28', 1, 5.0, '1372727655696', TRUE),
(60, 7, 1, 4, '2018-08-09', 3, 5.0, '9529431524052', TRUE),
(21, 7, 1, 4, '2018-07-20', 1, 5.0, '8972214500981', TRUE),
(87, 8, 2, 5, '2018-07-22', 1, 10.0, '6451300415833', TRUE),
(118, 9, 3, 6, '2018-08-10', 3, 15.0, '8551245996547', TRUE),
(135, 9, 3, 6, '2018-07-25', 2, 15.0, '6532361711087', TRUE),
(102, 9, 3, 6, '2018-08-11', 3, 15.0, '6259373416793', TRUE),
(220, 7, 3, 4, '2018-08-06', 1, 15.0, '6827997852113', TRUE),
(211, 9, 1, 6, '2018-07-30', 3, 5.0, '1438304752957', TRUE),
(70, 9, 3, 6, '2018-08-06', 1, 15.0, '1200689978271', TRUE),
(112, 7, 1, 4, '2018-07-28', 3, 5.0, '8598594738896', TRUE),
(72, 8, 1, 5, '2018-08-03', 2, 5.0, '7713596376177', TRUE),
(107, 7, 3, 4, '2018-07-24', 3, 15.0, '1869809662544', TRUE),
(160, 8, 3, 5, '2018-07-27', 1, 15.0, '5701906296173', TRUE),
(11, 8, 1, 5, '2018-07-25', 3, 5.0, '5560604053247', TRUE),
(134, 9, 1, 6, '2018-08-10', 1, 5.0, '4984931631010', TRUE),
(129, 7, 2, 4, '2018-07-26', 1, 10.0, '6930650149864', TRUE),
(220, 9, 1, 6, '2018-07-21', 3, 5.0, '3822980914721', TRUE),
(68, 8, 1, 5, '2018-07-15', 1, 5.0, '5113602689330', TRUE),
(171, 8, 3, 5, '2018-08-04', 1, 15.0, '5539784400372', TRUE),
(140, 7, 2, 4, '2018-07-17', 1, 10.0, '7486784849445', TRUE),
(92, 8, 1, 5, '2018-08-08', 3, 5.0, '6179318200987', TRUE),
(146, 7, 3, 4, '2018-07-21', 1, 15.0, '7712956327934', TRUE),
(124, 8, 3, 5, '2018-08-01', 2, 15.0, '3183598601521', TRUE),
(183, 8, 1, 5, '2018-08-11', 3, 5.0, '0545565001060', TRUE),
(195, 7, 1, 4, '2018-07-27', 3, 5.0, '8923138863290', TRUE),
(46, 7, 1, 4, '2018-07-31', 1, 5.0, '6848089394478', TRUE),
(82, 8, 3, 5, '2018-08-06', 3, 15.0, '8022236518181', TRUE),
(151, 8, 1, 5, '2018-07-13', 2, 5.0, '0010706733318', TRUE),
(88, 8, 1, 5, '2018-07-18', 2, 5.0, '4455698856975', TRUE),
(209, 8, 3, 5, '2018-07-31', 2, 15.0, '2565083351160', TRUE),
(72, 7, 3, 4, '2018-07-18', 1, 15.0, '0415634392573', TRUE),
(208, 8, 3, 5, '2018-07-24', 2, 15.0, '6872875169389', FALSE),
(142, 7, 1, 4, '2018-07-26', 3, 5.0, '6115886092924', TRUE),
(81, 7, 3, 4, '2018-08-02', 2, 15.0, '3215107496404', TRUE),
(196, 7, 3, 4, '2018-07-26', 1, 15.0, '7348617340162', TRUE),
(35, 8, 3, 5, '2018-08-08', 2, 15.0, '4024023375131', TRUE),
(132, 8, 1, 5, '2018-08-07', 3, 5.0, '9242016298069', TRUE),
(79, 8, 1, 5, '2018-08-02', 1, 5.0, '8227428728121', TRUE),
(164, 8, 3, 5, '2018-07-17', 2, 15.0, '2405732109329', TRUE),
(125, 7, 3, 4, '2018-07-21', 1, 15.0, '7890703412492', TRUE),
(30, 8, 3, 5, '2018-07-17', 3, 15.0, '1021090172702', TRUE),
(181, 8, 3, 5, '2018-07-22', 1, 15.0, '0540956524632', TRUE),
(12, 8, 1, 5, '2018-08-04', 2, 5.0, '3868308510639', TRUE),
(218, 7, 1, 4, '2018-08-03', 3, 5.0, '8194775894233', TRUE),
(115, 7, 3, 4, '2018-07-22', 2, 15.0, '3901451831207', TRUE),
(10, 7, 1, 4, '2018-07-17', 2, 5.0, '7621368842877', TRUE),
(91, 7, 3, 4, '2018-07-17', 2, 15.0, '9213440152040', TRUE),
(141, 7, 3, 4, '2018-07-18', 2, 15.0, '4231878716947', TRUE),
(62, 7, 1, 4, '2018-08-08', 1, 5.0, '2035337323619', TRUE),
(23, 8, 1, 5, '2018-08-02', 1, 5.0, '9291805921011', TRUE),
(159, 8, 1, 5, '2018-07-30', 3, 5.0, '9923721482838', TRUE),
(202, 8, 1, 5, '2018-07-23', 2, 5.0, '4606632382794', TRUE),
(189, 7, 1, 4, '2018-08-03', 3, 5.0, '2709922954675', TRUE),
(213, 7, 3, 4, '2018-07-31', 3, 15.0, '4026836767499', TRUE),
(140, 8, 3, 5, '2018-08-01', 2, 15.0, '9854818951311', TRUE),
(110, 7, 1, 4, '2018-07-18', 2, 5.0, '8235503172209', TRUE),
(185, 7, 1, 4, '2018-07-13', 1, 5.0, '8491552552815', TRUE),
(212, 8, 1, 5, '2018-07-19', 2, 5.0, '2260052931801', TRUE),
(210, 7, 3, 4, '2018-07-29', 3, 15.0, '9475132743879', TRUE),
(36, 7, 3, 4, '2018-07-30', 1, 15.0, '9124272725970', TRUE),
(27, 7, 1, 4, '2018-07-31', 3, 5.0, '5933431571737', TRUE),
(50, 7, 1, 4, '2018-07-21', 2, 5.0, '1103224430347', TRUE),
(53, 7, 3, 4, '2018-08-01', 3, 15.0, '6170099365168', TRUE),
(209, 7, 3, 4, '2018-08-05', 2, 15.0, '4819164546399', TRUE),
(104, 7, 3, 4, '2018-08-03', 1, 15.0, '9743664119226', TRUE),
(1, 7, 1, 4, '2018-08-11', 3, 5.0, '2274458564990', TRUE),
(218, 14, 3, 8, '2019-07-30', 1, 30.0, '7917596916490', TRUE),
(155, 13, 3, 7, '2019-08-03', 1, 30.0, '3916424825564', TRUE),
(40, 14, 1, 8, '2019-07-17', 2, 10.0, '0078177631675', TRUE),
(159, 14, 3, 8, '2019-08-04', 2, 30.0, '9828968364238', TRUE),
(32, 14, 1, 8, '2019-08-03', 2, 10.0, '7037829099898', TRUE),
(169, 12, 1, 9, '2019-08-08', 3, 5.0, '7449222648588', TRUE),
(9, 13, 3, 7, '2019-08-02', 1, 30.0, '7732347242890', TRUE),
(47, 12, 3, 9, '2019-07-24', 3, 15.0, '4588671519765', TRUE),
(23, 13, 1, 7, '2019-07-23', 1, 10.0, '6926149143219', TRUE),
(173, 13, 3, 7, '2019-07-21', 2, 30.0, '4824580152433', TRUE),
(76, 12, 1, 9, '2019-07-14', 2, 5.0, '1533804997806', TRUE),
(191, 13, 1, 7, '2019-08-07', 3, 10.0, '4962674333121', TRUE),
(166, 14, 2, 8, '2019-07-28', 3, 20.0, '0329262428865', TRUE),
(14, 11, 3, 8, '2019-07-15', 3, 15.0, '4058583990128', TRUE),
(42, 12, 1, 9, '2019-08-09', 1, 5.0, '8264927120423', FALSE),
(82, 15, 3, 9, '2019-07-22', 3, 30.0, '0368576035152', TRUE),
(177, 12, 3, 9, '2019-07-18', 2, 15.0, '3400569739948', TRUE),
(194, 15, 3, 9, '2019-07-14', 3, 30.0, '5775712183154', TRUE),
(140, 11, 3, 8, '2019-07-21', 3, 15.0, '3510774976887', TRUE),
(213, 11, 3, 8, '2019-07-30', 3, 15.0, '5265672818190', TRUE),
(4, 12, 1, 9, '2019-08-07', 2, 5.0, '3260412517851', TRUE),
(85, 12, 3, 9, '2019-07-23', 2, 15.0, '1392561671676', TRUE),
(90, 15, 2, 9, '2019-07-18', 1, 20.0, '2049744395910', TRUE),
(197, 12, 3, 9, '2019-08-10', 2, 15.0, '5869076140167', TRUE),
(180, 14, 1, 8, '2019-08-01', 3, 10.0, '6453955495505', TRUE),
(135, 11, 1, 8, '2019-08-11', 1, 5.0, '6090328646266', TRUE),
(19, 14, 3, 8, '2019-07-26', 1, 30.0, '2111701820364', TRUE),
(187, 13, 2, 7, '2019-08-01', 1, 20.0, '2998409607454', TRUE),
(64, 12, 3, 9, '2019-07-30', 2, 15.0, '3414775103931', TRUE),
(4, 11, 2, 8, '2019-08-10', 2, 10.0, '7632515302934', TRUE),
(210, 15, 1, 9, '2019-08-03', 1, 10.0, '4217353388096', TRUE),
(204, 14, 1, 8, '2019-08-03', 1, 10.0, '7320859542798', TRUE),
(199, 11, 2, 8, '2019-07-26', 2, 10.0, '7795478542799', TRUE),
(50, 13, 1, 7, '2019-07-15', 3, 10.0, '8658009537409', TRUE),
(55, 14, 1, 8, '2019-08-02', 2, 10.0, '9338159445243', TRUE),
(166, 10, 1, 7, '2019-08-04', 3, 5.0, '4706259896130', TRUE),
(118, 12, 1, 9, '2019-07-13', 3, 5.0, '3359824693710', TRUE),
(66, 11, 2, 8, '2019-08-09', 2, 10.0, '2410839851250', TRUE),
(154, 15, 3, 9, '2019-07-20', 3, 30.0, '5811786975479', TRUE),
(30, 10, 2, 7, '2019-07-27', 2, 10.0, '4016563415874', TRUE),
(99, 13, 1, 7, '2019-08-03', 2, 10.0, '3963406603599', TRUE),
(160, 10, 1, 7, '2019-07-26', 3, 5.0, '3470942476819', TRUE),
(12, 13, 3, 7, '2019-07-24', 1, 30.0, '9313799390244', TRUE),
(220, 13, 1, 7, '2019-08-02', 3, 10.0, '8954443733383', TRUE),
(143, 13, 3, 7, '2019-08-06', 1, 30.0, '1289655358194', TRUE),
(164, 11, 1, 8, '2019-07-26', 2, 5.0, '3676389137333', TRUE),
(119, 15, 1, 9, '2019-07-17', 3, 10.0, '9753193844187', TRUE),
(181, 10, 2, 7, '2019-08-09', 3, 10.0, '3519782902773', TRUE),
(185, 13, 1, 7, '2019-07-23', 2, 10.0, '1117475167044', TRUE),
(58, 10, 2, 7, '2019-07-24', 1, 10.0, '7122406551690', TRUE),
(104, 15, 3, 9, '2019-08-12', 3, 30.0, '3153248351557', TRUE),
(8, 13, 1, 7, '2019-07-24', 2, 10.0, '4631185135842', FALSE),
(115, 11, 1, 8, '2019-07-16', 1, 5.0, '2834469868314', TRUE),
(166, 13, 1, 7, '2019-07-18', 2, 10.0, '3233684329272', TRUE),
(123, 14, 1, 8, '2019-07-29', 3, 10.0, '5687499249842', TRUE),
(53, 10, 3, 7, '2019-07-28', 1, 15.0, '7730185056778', TRUE),
(207, 10, 2, 7, '2019-08-10', 2, 10.0, '5662120280312', TRUE),
(210, 13, 2, 7, '2019-08-09', 1, 20.0, '0673162675713', TRUE),
(19, 11, 3, 8, '2019-07-17', 2, 15.0, '5363609574864', TRUE),
(42, 13, 1, 7, '2019-08-11', 1, 10.0, '3210205267482', TRUE),
(37, 14, 2, 8, '2019-07-14', 1, 20.0, '6517086550503', TRUE),
(22, 13, 3, 7, '2019-08-01', 2, 30.0, '6084937828430', TRUE),
(70, 13, 2, 7, '2019-07-14', 2, 20.0, '5248068650162', TRUE),
(152, 13, 1, 7, '2019-08-12', 2, 10.0, '1368922682625', TRUE),
(13, 14, 3, 8, '2019-07-26', 2, 30.0, '5648911329708', TRUE),
(175, 15, 3, 9, '2019-08-12', 2, 30.0, '6637386379766', TRUE),
(172, 15, 3, 9, '2019-07-24', 2, 30.0, '2511172943357', TRUE),
(92, 13, 1, 7, '2019-07-29', 1, 10.0, '5856608030633', TRUE),
(29, 10, 2, 7, '2019-08-09', 1, 10.0, '8015815875199', TRUE),
(134, 10, 1, 7, '2019-08-05', 1, 5.0, '8208557031081', TRUE),
(207, 13, 3, 7, '2019-07-14', 1, 30.0, '4447384537891', TRUE),
(90, 11, 3, 8, '2019-07-30', 2, 15.0, '9398375721861', TRUE),
(51, 11, 1, 8, '2019-07-30', 3, 5.0, '0797189072616', TRUE),
(148, 15, 3, 9, '2019-08-08', 2, 30.0, '3650890593912', FALSE),
(126, 14, 2, 8, '2019-08-03', 2, 20.0, '9188005031661', TRUE),
(44, 13, 1, 7, '2019-08-06', 3, 10.0, '7453504520751', TRUE),
(64, 10, 1, 7, '2019-07-29', 2, 5.0, '7003560535015', TRUE),
(184, 10, 1, 7, '2019-08-04', 2, 5.0, '3813879687872', TRUE),
(144, 11, 1, 8, '2019-08-04', 1, 5.0, '5468774287163', TRUE),
(214, 10, 3, 7, '2019-07-16', 1, 15.0, '6993620732663', FALSE),
(162, 17, 3, 11, '2020-07-14', 2, 15.0, '5279121514253', TRUE),
(79, 16, 1, 10, '2020-08-09', 3, 5.0, '1508219181130', TRUE),
(10, 18, 3, 12, '2020-08-09', 2, 15.0, '0426168380487', TRUE),
(102, 17, 3, 11, '2020-07-23', 1, 15.0, '4580051244214', TRUE),
(183, 18, 1, 12, '2020-07-22', 3, 5.0, '4101492097738', TRUE),
(29, 16, 3, 10, '2020-08-09', 3, 15.0, '4636048829439', FALSE),
(189, 17, 3, 11, '2020-07-24', 1, 15.0, '3186527540798', TRUE),
(97, 17, 1, 11, '2020-08-07', 3, 5.0, '2470018097191', TRUE),
(67, 17, 3, 11, '2020-08-09', 3, 15.0, '1020681001764', TRUE),
(174, 17, 3, 11, '2020-07-16', 3, 15.0, '2746810837599', TRUE),
(124, 16, 1, 10, '2020-08-07', 2, 5.0, '2097587888020', TRUE),
(43, 18, 2, 12, '2020-07-13', 1, 10.0, '4012936623915', TRUE),
(94, 17, 1, 11, '2020-07-13', 1, 5.0, '9145496903100', TRUE),
(106, 16, 2, 10, '2020-07-23', 3, 10.0, '1261800985046', TRUE),
(151, 16, 2, 10, '2020-08-03', 2, 10.0, '3965122533945', TRUE),
(101, 17, 1, 11, '2020-07-28', 3, 5.0, '8576865759811', TRUE),
(202, 16, 2, 10, '2020-08-02', 1, 10.0, '1579675610676', TRUE),
(98, 18, 3, 12, '2020-07-25', 2, 15.0, '5874271651302', TRUE),
(41, 18, 3, 12, '2020-07-15', 3, 15.0, '1547040317109', TRUE),
(177, 17, 1, 11, '2020-08-07', 1, 5.0, '7900441388093', TRUE),
(163, 18, 1, 12, '2020-08-04', 3, 5.0, '9433061164369', TRUE),
(44, 16, 1, 10, '2020-07-22', 2, 5.0, '4183860866744', TRUE),
(176, 17, 3, 11, '2020-07-18', 1, 15.0, '6489719330021', TRUE),
(39, 16, 1, 10, '2020-07-24', 3, 5.0, '4044823863673', TRUE),
(133, 18, 1, 12, '2020-08-03', 1, 5.0, '0729398795229', TRUE),
(146, 18, 3, 12, '2020-07-30', 1, 15.0, '5110310980766', TRUE),
(69, 16, 1, 10, '2020-08-04', 2, 5.0, '4852508715831', TRUE),
(7, 17, 3, 11, '2020-07-29', 1, 15.0, '0789374781174', TRUE),
(166, 16, 3, 10, '2020-07-26', 2, 15.0, '5123035047350', TRUE),
(182, 18, 3, 12, '2020-07-27', 3, 15.0, '8658755624805', TRUE),
(220, 17, 2, 11, '2020-07-24', 2, 10.0, '3384237112947', TRUE),
(32, 17, 1, 11, '2020-08-02', 1, 5.0, '7448030325632', TRUE),
(3, 16, 3, 10, '2020-07-15', 3, 15.0, '7126451167284', TRUE),
(144, 18, 3, 12, '2020-08-08', 2, 15.0, '2711796234084', TRUE),
(165, 16, 1, 10, '2020-07-27', 3, 5.0, '5038225239772', TRUE),
(78, 16, 3, 10, '2020-08-11', 1, 15.0, '7287922620499', TRUE),
(71, 17, 3, 11, '2020-07-30', 3, 15.0, '9763567108359', TRUE),
(12, 17, 2, 11, '2020-07-18', 3, 10.0, '8733311563139', TRUE),
(146, 16, 1, 10, '2020-07-23', 1, 5.0, '8574987265494', TRUE),
(122, 16, 3, 10, '2020-08-01', 2, 15.0, '3434509233168', TRUE),
(105, 17, 2, 11, '2020-07-19', 1, 10.0, '7701843549064', TRUE),
(90, 16, 1, 10, '2020-07-17', 1, 5.0, '6186239233723', TRUE),
(42, 17, 1, 11, '2020-08-08', 2, 5.0, '7080095605706', TRUE),
(25, 17, 1, 11, '2020-08-02', 2, 5.0, '3994242048915', TRUE),
(147, 17, 3, 11, '2020-08-05', 1, 15.0, '0177330601717', TRUE),
(23, 17, 1, 11, '2020-07-21', 3, 5.0, '0566954169983', FALSE),
(183, 17, 3, 11, '2020-08-06', 3, 15.0, '0405218674878', TRUE),
(4, 16, 1, 10, '2020-07-24', 2, 5.0, '7218235234130', FALSE),
(64, 17, 1, 11, '2020-07-21', 3, 5.0, '3731375405373', TRUE),
(88, 16, 1, 10, '2020-07-22', 2, 5.0, '0867696788634', TRUE),
(130, 17, 1, 11, '2020-07-22', 2, 5.0, '9340109018165', TRUE),
(95, 16, 3, 10, '2020-07-13', 3, 15.0, '7146898340320', TRUE),
(35, 17, 1, 11, '2020-08-04', 3, 5.0, '6902192667773', TRUE),
(178, 17, 3, 11, '2020-08-09', 1, 15.0, '7997896793732', TRUE),
(212, 16, 2, 10, '2020-08-10', 1, 10.0, '4901301379185', FALSE),
(64, 16, 3, 10, '2020-08-03', 2, 15.0, '5638464901435', TRUE),
(62, 17, 1, 11, '2020-07-21', 1, 5.0, '8532437801135', TRUE),
(168, 16, 3, 10, '2020-07-14', 2, 15.0, '2490833113819', TRUE),
(33, 16, 1, 10, '2020-07-18', 1, 5.0, '6455568293522', TRUE),
(21, 16, 3, 10, '2020-07-13', 1, 15.0, '9510657895258', TRUE),
(134, 16, 1, 10, '2020-07-21', 3, 5.0, '1832432973071', TRUE),
(123, 16, 1, 10, '2020-07-30', 3, 5.0, '9662565238875', TRUE),
(148, 16, 3, 10, '2020-08-07', 2, 15.0, '0003448967763', TRUE),
(191, 16, 1, 10, '2020-07-15', 1, 5.0, '8700877859514', TRUE),
(17, 16, 1, 10, '2020-08-07', 3, 5.0, '3980424595577', TRUE),
(52, 16, 2, 10, '2020-07-28', 3, 10.0, '4922465944600', TRUE),
(20, 17, 3, 11, '2020-08-04', 1, 15.0, '0651196738240', TRUE),
(127, 17, 3, 11, '2020-08-03', 2, 15.0, '8129025749003', TRUE),
(59, 16, 3, 10, '2020-07-15', 3, 15.0, '6800914503801', TRUE),
(119, 16, 3, 10, '2020-07-19', 1, 15.0, '5960676182840', TRUE),
(194, 17, 3, 11, '2020-07-29', 1, 15.0, '9915505139974', TRUE),
(104, 17, 1, 11, '2020-07-19', 1, 5.0, '9039529464617', TRUE),
(42, 16, 3, 10, '2020-08-03', 3, 15.0, '9646444987086', TRUE),
(132, 16, 3, 10, '2020-08-06', 1, 15.0, '9847538894419', TRUE),
(63, 16, 3, 10, '2020-07-26', 3, 15.0, '1535841147961', TRUE),
(117, 16, 3, 10, '2020-07-31', 1, 15.0, '0771743519147', TRUE),
(51, 16, 3, 10, '2020-07-17', 1, 15.0, '2032446847155', TRUE),
(137, 16, 1, 10, '2020-07-31', 2, 5.0, '2447158537311', FALSE),
(11, 16, 3, 10, '2020-07-23', 3, 15.0, '0084311947313', TRUE),
(76, 16, 1, 10, '2020-08-07', 3, 5.0, '5370348936960', TRUE),
(57, 22, 1, 13, '2021-08-05', 1, 10.0, '5003339524215', TRUE),
(94, 20, 1, 14, '2021-07-28', 2, 5.0, '2893901119366', TRUE),
(189, 23, 2, 14, '2021-07-14', 1, 20.0, '0114254259837', TRUE),
(196, 21, 1, 15, '2021-08-11', 3, 5.0, '6944162367848', TRUE),
(91, 20, 2, 14, '2021-08-09', 3, 10.0, '7579021269196', TRUE),
(47, 21, 3, 15, '2021-07-15', 1, 15.0, '4395692938649', TRUE),
(195, 22, 3, 13, '2021-07-18', 3, 30.0, '1596661467190', TRUE),
(87, 19, 2, 13, '2021-08-03', 1, 10.0, '5444183247839', TRUE),
(113, 23, 2, 14, '2021-08-07', 3, 20.0, '8674208551413', TRUE),
(107, 22, 3, 13, '2021-07-22', 1, 30.0, '5056735514022', TRUE),
(105, 24, 1, 15, '2021-07-18', 3, 10.0, '9772608292932', TRUE),
(112, 22, 1, 13, '2021-07-27', 2, 10.0, '0111907290143', TRUE),
(194, 19, 3, 13, '2021-07-19', 3, 15.0, '0771140635603', TRUE),
(86, 24, 3, 15, '2021-08-09', 1, 30.0, '2329548421632', TRUE),
(71, 20, 1, 14, '2021-08-04', 2, 5.0, '5151226851984', TRUE),
(67, 22, 2, 13, '2021-07-14', 3, 20.0, '2764953561787', TRUE),
(83, 20, 1, 14, '2021-07-27', 3, 5.0, '9960297437607', TRUE),
(93, 21, 2, 15, '2021-08-09', 2, 10.0, '1438480398452', TRUE),
(189, 21, 1, 15, '2021-07-14', 2, 5.0, '1348622873041', FALSE),
(10, 19, 2, 13, '2021-08-05', 2, 10.0, '8636247257936', TRUE),
(219, 23, 3, 14, '2021-07-17', 1, 30.0, '8305624266988', TRUE),
(203, 20, 1, 14, '2021-07-31', 1, 5.0, '7977993485269', TRUE),
(140, 19, 2, 13, '2021-07-20', 3, 10.0, '5024080624913', TRUE),
(72, 24, 2, 15, '2021-07-28', 3, 20.0, '1767751590736', TRUE),
(138, 23, 3, 14, '2021-08-03', 2, 30.0, '7609996450690', TRUE),
(92, 20, 2, 14, '2021-07-23', 3, 10.0, '5245935404861', TRUE),
(196, 19, 2, 13, '2021-07-20', 1, 10.0, '2478223535929', TRUE),
(181, 23, 1, 14, '2021-08-10', 1, 10.0, '7776111587959', TRUE),
(42, 24, 1, 15, '2021-08-02', 1, 10.0, '9223248800588', TRUE),
(75, 24, 1, 15, '2021-08-06', 3, 10.0, '2578905144036', TRUE),
(30, 23, 1, 14, '2021-08-10', 3, 10.0, '7821061276784', TRUE),
(189, 24, 1, 15, '2021-07-30', 2, 10.0, '6445068145232', TRUE),
(168, 20, 3, 14, '2021-07-24', 1, 15.0, '0404699398370', TRUE),
(209, 22, 1, 13, '2021-07-22', 2, 10.0, '5964529271892', TRUE),
(147, 24, 3, 15, '2021-07-14', 1, 30.0, '6325324104598', TRUE),
(69, 24, 1, 15, '2021-07-26', 1, 10.0, '7788332442113', TRUE),
(69, 19, 2, 13, '2021-07-26', 1, 10.0, '8070655063805', TRUE),
(59, 20, 3, 14, '2021-07-15', 2, 15.0, '7090639878964', FALSE),
(191, 20, 2, 14, '2021-07-26', 1, 10.0, '4485935552760', TRUE),
(108, 22, 2, 13, '2021-07-17', 1, 20.0, '5585590611479', TRUE),
(212, 23, 3, 14, '2021-07-26', 3, 30.0, '2006546827056', TRUE),
(28, 19, 3, 13, '2021-08-04', 2, 15.0, '7696061786502', TRUE),
(79, 24, 1, 15, '2021-08-08', 2, 10.0, '3837371130820', TRUE),
(128, 20, 1, 14, '2021-08-01', 2, 5.0, '8327395752103', TRUE),
(30, 20, 1, 14, '2021-07-25', 3, 5.0, '6064534869855', TRUE),
(155, 24, 3, 15, '2021-07-27', 1, 30.0, '7036888449951', TRUE),
(112, 19, 3, 13, '2021-08-09', 1, 15.0, '4963626534790', TRUE),
(104, 23, 3, 14, '2021-07-28', 1, 30.0, '3182437632219', TRUE),
(114, 20, 1, 14, '2021-07-16', 2, 5.0, '7272494736145', TRUE),
(49, 23, 1, 14, '2021-07-15', 1, 10.0, '9929653750871', TRUE),
(176, 19, 1, 13, '2021-07-21', 2, 5.0, '5070346219749', TRUE),
(113, 20, 3, 14, '2021-07-19', 1, 15.0, '3741022180847', TRUE),
(150, 19, 1, 13, '2021-07-13', 2, 5.0, '2403486087812', TRUE),
(35, 19, 1, 13, '2021-08-08', 1, 5.0, '5842549329474', TRUE),
(60, 19, 1, 13, '2021-08-07', 1, 5.0, '3636676362232', TRUE),
(217, 19, 3, 13, '2021-07-31', 3, 15.0, '0050185724452', TRUE),
(73, 23, 1, 14, '2021-08-09', 1, 10.0, '1670860848446', TRUE),
(54, 23, 3, 14, '2021-07-20', 2, 30.0, '0337614510838', FALSE),
(44, 23, 3, 14, '2021-07-28', 1, 30.0, '0261280647907', TRUE),
(139, 23, 2, 14, '2021-08-09', 1, 20.0, '7532378947180', FALSE),
(159, 19, 1, 13, '2021-08-04', 3, 5.0, '4431285629766', TRUE),
(86, 22, 1, 13, '2021-07-23', 2, 10.0, '7851146201397', FALSE),
(174, 22, 2, 13, '2021-07-16', 2, 20.0, '9052084071931', TRUE),
(19, 20, 1, 14, '2021-07-22', 3, 5.0, '6936068141623', TRUE),
(118, 19, 3, 13, '2021-08-04', 2, 15.0, '4622710559282', TRUE),
(176, 21, 1, 15, '2021-08-10', 1, 5.0, '7394026849565', TRUE),
(52, 21, 3, 15, '2021-08-01', 1, 15.0, '3487555451865', TRUE),
(147, 21, 1, 15, '2021-07-25', 1, 5.0, '8238054758632', TRUE),
(148, 23, 3, 14, '2021-08-12', 3, 30.0, '7314764788305', TRUE),
(77, 23, 1, 14, '2021-08-02', 2, 10.0, '1313030977096', TRUE),
(59, 23, 3, 14, '2021-08-01', 1, 30.0, '5917995527978', TRUE),
(77, 22, 2, 13, '2021-07-15', 3, 20.0, '1699211487268', TRUE),
(131, 19, 3, 13, '2021-08-07', 1, 15.0, '3045925512609', TRUE),
(88, 19, 1, 13, '2021-07-18', 3, 5.0, '3867835239918', TRUE),
(71, 22, 3, 13, '2021-07-23', 1, 30.0, '7251195906372', TRUE),
(50, 22, 2, 13, '2021-07-15', 2, 20.0, '3266029564721', TRUE),
(151, 21, 3, 15, '2021-07-18', 2, 15.0, '6317678428797', TRUE),
(142, 21, 3, 15, '2021-07-26', 2, 15.0, '6818290296520', TRUE),
(114, 19, 1, 13, '2021-08-11', 3, 5.0, '0560101741345', TRUE),
(92, 21, 1, 15, '2021-07-20', 1, 5.0, '6066511834539', TRUE),
(172, 25, 3, 16, '2022-07-14', 3, 15.0, '8056350068310', TRUE),
(79, 26, 1, 17, '2022-08-04', 2, 5.0, '3221478249472', TRUE),
(197, 25, 1, 16, '2022-08-11', 2, 5.0, '4513362706207', TRUE),
(37, 27, 2, 18, '2022-07-29', 3, 10.0, '9348572678834', TRUE),
(125, 27, 1, 18, '2022-07-29', 1, 5.0, '1791675893186', TRUE),
(205, 25, 1, 16, '2022-07-30', 2, 5.0, '4013817234622', TRUE),
(110, 25, 1, 16, '2022-08-01', 3, 5.0, '2094612154563', FALSE),
(174, 27, 3, 18, '2022-08-06', 2, 15.0, '9148662718956', TRUE),
(32, 25, 2, 16, '2022-07-25', 3, 10.0, '9421965858175', TRUE),
(220, 26, 2, 17, '2022-07-26', 3, 10.0, '7495681653521', TRUE),
(85, 25, 3, 16, '2022-07-25', 1, 15.0, '3351805340922', FALSE),
(33, 25, 1, 16, '2022-07-25', 2, 5.0, '5054151958914', TRUE),
(76, 26, 2, 17, '2022-08-06', 2, 10.0, '9180652162806', TRUE),
(138, 26, 2, 17, '2022-07-16', 2, 10.0, '6105319187578', TRUE),
(123, 25, 3, 16, '2022-07-25', 1, 15.0, '4229612891858', TRUE),
(168, 26, 1, 17, '2022-07-18', 3, 5.0, '0221139634465', TRUE),
(149, 27, 3, 18, '2022-08-09', 1, 15.0, '5998155064719', TRUE),
(203, 27, 3, 18, '2022-07-29', 2, 15.0, '3586600937392', TRUE),
(8, 26, 1, 17, '2022-07-24', 1, 5.0, '0161331641709', TRUE),
(20, 25, 1, 16, '2022-08-06', 2, 5.0, '1765145094909', TRUE),
(178, 25, 3, 16, '2022-08-06', 2, 15.0, '7098618487805', TRUE),
(211, 26, 3, 17, '2022-08-08', 1, 15.0, '8115754378161', TRUE),
(19, 26, 1, 17, '2022-07-14', 1, 5.0, '5177419181250', TRUE),
(23, 26, 1, 17, '2022-08-01', 3, 5.0, '0039720581855', TRUE),
(151, 27, 3, 18, '2022-07-18', 3, 15.0, '9622313750885', TRUE),
(185, 27, 3, 18, '2022-08-07', 2, 15.0, '8134830043270', TRUE),
(199, 27, 3, 18, '2022-07-29', 2, 15.0, '9552204261211', TRUE),
(115, 26, 3, 17, '2022-07-30', 3, 15.0, '0390065104269', TRUE),
(10, 25, 3, 16, '2022-08-04', 3, 15.0, '7119913749091', TRUE),
(186, 26, 3, 17, '2022-08-08', 2, 15.0, '8504341349313', TRUE),
(120, 26, 3, 17, '2022-07-24', 2, 15.0, '7045554538218', TRUE),
(202, 27, 3, 18, '2022-07-30', 1, 15.0, '5680402874605', TRUE),
(55, 26, 1, 17, '2022-07-15', 3, 5.0, '4077821301854', TRUE),
(177, 25, 2, 16, '2022-07-26', 1, 10.0, '3648932662884', TRUE),
(159, 27, 3, 18, '2022-08-01', 3, 15.0, '9373497392277', TRUE),
(152, 25, 3, 16, '2022-07-26', 3, 15.0, '5575930557947', TRUE),
(7, 25, 3, 16, '2022-08-03', 1, 15.0, '9890669976675', TRUE),
(135, 25, 1, 16, '2022-08-11', 2, 5.0, '9586917826722', TRUE),
(207, 25, 1, 16, '2022-08-11', 3, 5.0, '4648813826544', FALSE),
(97, 26, 3, 17, '2022-08-05', 2, 15.0, '6907267515361', TRUE),
(132, 25, 1, 16, '2022-07-16', 2, 5.0, '5946983538994', TRUE),
(210, 25, 2, 16, '2022-07-23', 3, 10.0, '5984507766202', TRUE),
(83, 25, 3, 16, '2022-07-14', 3, 15.0, '6183475034967', TRUE),
(47, 25, 1, 16, '2022-07-13', 3, 5.0, '4306524257190', TRUE),
(101, 26, 1, 17, '2022-07-20', 3, 5.0, '2015431039517', TRUE),
(34, 26, 3, 17, '2022-07-28', 2, 15.0, '9655788791714', TRUE),
(175, 25, 2, 16, '2022-07-30', 3, 10.0, '0663385498803', TRUE),
(7, 26, 3, 17, '2022-07-28', 1, 15.0, '6883794747371', TRUE),
(120, 25, 2, 16, '2022-07-20', 3, 10.0, '4657494939280', TRUE),
(36, 25, 1, 16, '2022-07-29', 1, 5.0, '0948717122652', TRUE),
(108, 25, 3, 16, '2022-07-29', 2, 15.0, '8269315953853', TRUE),
(176, 26, 3, 17, '2022-07-16', 2, 15.0, '6032546039561', TRUE),
(195, 26, 3, 17, '2022-07-26', 3, 15.0, '9440314101899', TRUE),
(105, 25, 3, 16, '2022-07-13', 1, 15.0, '0407215948737', TRUE),
(1, 25, 1, 16, '2022-07-18', 1, 5.0, '7020671209653', TRUE),
(180, 25, 3, 16, '2022-08-08', 3, 15.0, '1889227589990', TRUE),
(94, 26, 3, 17, '2022-07-30', 1, 15.0, '3670813938016', TRUE),
(33, 26, 3, 17, '2022-07-20', 1, 15.0, '2888119627549', TRUE),
(70, 25, 1, 16, '2022-07-29', 2, 5.0, '8026863836289', TRUE),
(126, 25, 1, 16, '2022-07-26', 2, 5.0, '0288289575829', TRUE),
(100, 25, 1, 16, '2022-07-26', 2, 5.0, '5786003599898', TRUE),
(192, 26, 3, 17, '2022-07-27', 2, 15.0, '3356267027162', TRUE),
(49, 25, 3, 16, '2022-07-30', 2, 15.0, '7046329221883', TRUE),
(190, 25, 3, 16, '2022-07-24', 1, 15.0, '1915362951538', TRUE),
(194, 25, 3, 16, '2022-08-04', 1, 15.0, '4731055672918', TRUE),
(6, 25, 3, 16, '2022-07-27', 3, 15.0, '0060092648164', TRUE),
(62, 26, 3, 17, '2022-07-27', 3, 15.0, '8658187784258', TRUE),
(60, 25, 3, 16, '2022-08-02', 3, 15.0, '4583292859639', TRUE),
(142, 26, 3, 17, '2022-07-22', 2, 15.0, '6802830055695', TRUE),
(124, 26, 3, 17, '2022-08-08', 3, 15.0, '3354422393726', TRUE),
(18, 25, 1, 16, '2022-08-05', 3, 5.0, '1267265028728', TRUE),
(67, 25, 1, 16, '2022-08-11', 3, 5.0, '1431824509847', TRUE),
(78, 26, 1, 17, '2022-08-05', 1, 5.0, '1677274722434', TRUE),
(198, 26, 1, 17, '2022-07-28', 3, 5.0, '5836082575527', TRUE),
(75, 25, 3, 16, '2022-07-30', 1, 15.0, '0120781203001', TRUE),
(94, 25, 1, 16, '2022-07-26', 3, 5.0, '0871522393913', TRUE),
(99, 25, 1, 16, '2022-08-10', 3, 5.0, '3439836188682', TRUE),
(207, 26, 1, 17, '2022-07-28', 3, 5.0, '3842494948539', TRUE),
(96, 25, 3, 16, '2022-07-25', 1, 15.0, '9306799215264', FALSE),
(6, 26, 3, 17, '2022-07-28', 3, 15.0, '1259184895217', TRUE),
(218, 28, 3, 19, '2023-08-07', 3, 15.0, '3718954259912', TRUE),
(105, 30, 2, 21, '2023-07-31', 1, 10.0, '5030080691338', TRUE),
(151, 32, 2, 20, '2023-08-01', 1, 20.0, '9559809489054', TRUE),
(170, 32, 2, 20, '2023-07-17', 2, 20.0, '7545250976564', TRUE),
(80, 28, 1, 19, '2023-07-27', 1, 5.0, '5246361080065', TRUE),
(117, 28, 1, 19, '2023-08-04', 2, 5.0, '5295208463574', TRUE),
(127, 33, 2, 21, '2023-07-23', 3, 20.0, '7669721843795', TRUE),
(45, 31, 3, 19, '2023-07-24', 1, 30.0, '6236924739048', TRUE),
(85, 29, 2, 20, '2023-08-05', 2, 10.0, '2587439085110', TRUE),
(68, 33, 3, 21, '2023-07-16', 2, 30.0, '1099253061407', TRUE),
(61, 28, 3, 19, '2023-08-02', 1, 15.0, '5442185448231', TRUE),
(75, 30, 1, 21, '2023-08-07', 1, 5.0, '7141029080763', TRUE),
(171, 30, 3, 21, '2023-08-09', 3, 15.0, '2289087719539', TRUE),
(207, 32, 3, 20, '2023-07-31', 1, 30.0, '6865454375825', TRUE),
(95, 28, 1, 19, '2023-07-17', 2, 5.0, '6621604780459', TRUE),
(114, 28, 1, 19, '2023-08-04', 2, 5.0, '0474999720292', TRUE),
(23, 31, 2, 19, '2023-07-20', 3, 20.0, '8678402221434', TRUE),
(198, 29, 3, 20, '2023-07-30', 1, 15.0, '7068150323280', TRUE),
(140, 29, 1, 20, '2023-07-20', 1, 5.0, '6230121022218', TRUE),
(7, 32, 1, 20, '2023-08-11', 2, 10.0, '6323904937250', TRUE),
(148, 32, 2, 20, '2023-08-12', 2, 20.0, '2184279706767', TRUE),
(202, 30, 1, 21, '2023-07-30', 3, 5.0, '8029003322219', TRUE),
(145, 31, 2, 19, '2023-08-02', 1, 20.0, '6770276200768', TRUE),
(110, 33, 3, 21, '2023-08-07', 3, 30.0, '8265130631779', TRUE),
(41, 33, 1, 21, '2023-08-06', 1, 10.0, '4715315467059', TRUE),
(169, 33, 1, 21, '2023-08-05', 1, 10.0, '5712472763968', TRUE),
(123, 31, 2, 19, '2023-07-18', 1, 20.0, '8620687000454', TRUE),
(10, 30, 3, 21, '2023-08-06', 3, 15.0, '8001876788654', TRUE),
(87, 33, 3, 21, '2023-08-04', 3, 30.0, '6431893481329', TRUE),
(112, 31, 1, 19, '2023-07-15', 3, 10.0, '6305254642753', TRUE),
(97, 31, 3, 19, '2023-07-22', 3, 30.0, '6727200925292', TRUE),
(145, 29, 2, 20, '2023-07-19', 1, 10.0, '6927673940477', FALSE),
(152, 30, 3, 21, '2023-07-13', 3, 15.0, '0544568288534', TRUE),
(84, 29, 3, 20, '2023-07-25', 1, 15.0, '0607935621165', TRUE),
(77, 29, 1, 20, '2023-07-13', 2, 5.0, '7841093011235', TRUE),
(73, 32, 3, 20, '2023-08-02', 1, 30.0, '3823326837391', TRUE),
(91, 31, 1, 19, '2023-07-15', 1, 10.0, '0728113504075', TRUE),
(166, 29, 1, 20, '2023-07-17', 3, 5.0, '1808859084603', TRUE),
(212, 30, 3, 21, '2023-07-29', 2, 15.0, '5510440916523', TRUE),
(70, 31, 3, 19, '2023-07-21', 2, 30.0, '7516975947456', TRUE),
(210, 33, 1, 21, '2023-08-09', 1, 10.0, '6590355095762', TRUE),
(161, 29, 2, 20, '2023-07-22', 1, 10.0, '9184702648601', TRUE),
(189, 29, 3, 20, '2023-07-29', 1, 15.0, '6962938401649', TRUE),
(179, 28, 2, 19, '2023-07-30', 1, 10.0, '2611220567753', TRUE),
(83, 28, 3, 19, '2023-08-07', 3, 15.0, '9925494804508', TRUE),
(82, 31, 2, 19, '2023-07-22', 3, 20.0, '1422780326767', TRUE),
(23, 32, 1, 20, '2023-08-02', 3, 10.0, '6908378284595', TRUE),
(209, 33, 1, 21, '2023-08-09', 1, 10.0, '1610839651597', TRUE),
(90, 29, 1, 20, '2023-07-16', 2, 5.0, '6223655591664', TRUE),
(187, 30, 3, 21, '2023-07-23', 1, 15.0, '5820890044122', TRUE),
(132, 31, 1, 19, '2023-07-23', 1, 10.0, '1243513267946', TRUE),
(161, 32, 3, 20, '2023-07-25', 2, 30.0, '7478427549086', TRUE),
(68, 31, 2, 19, '2023-07-28', 3, 20.0, '1967658243961', TRUE),
(178, 28, 2, 19, '2023-07-13', 1, 10.0, '3284711052969', TRUE),
(204, 28, 1, 19, '2023-07-16', 2, 5.0, '6302113963161', TRUE),
(102, 28, 3, 19, '2023-08-07', 2, 15.0, '8637384868245', TRUE),
(209, 29, 1, 20, '2023-08-11', 2, 5.0, '8644665623148', TRUE),
(159, 29, 1, 20, '2023-08-01', 2, 5.0, '1747546981940', TRUE),
(50, 28, 1, 19, '2023-07-26', 3, 5.0, '3383456252349', TRUE),
(81, 28, 2, 19, '2023-07-17', 2, 10.0, '1229292247818', TRUE),
(59, 29, 1, 20, '2023-08-08', 3, 5.0, '1306876414848', TRUE),
(219, 32, 1, 20, '2023-07-30', 1, 10.0, '0521016208190', TRUE),
(112, 30, 1, 21, '2023-07-23', 3, 5.0, '8681582640140', TRUE),
(63, 29, 1, 20, '2023-08-01', 3, 5.0, '7869123726591', TRUE),
(15, 31, 1, 19, '2023-07-23', 3, 10.0, '2950994083280', TRUE),
(68, 32, 3, 20, '2023-07-19', 2, 30.0, '5766329777548', TRUE),
(66, 33, 3, 21, '2023-07-16', 1, 30.0, '3941222519555', TRUE),
(91, 32, 1, 20, '2023-07-29', 2, 10.0, '3318089084083', TRUE),
(112, 29, 3, 20, '2023-07-24', 2, 15.0, '3007815288953', TRUE),
(103, 28, 3, 19, '2023-07-21', 2, 15.0, '5175916773201', TRUE),
(168, 30, 1, 21, '2023-07-16', 2, 5.0, '2959358783732', TRUE),
(2, 31, 3, 19, '2023-07-19', 2, 30.0, '5744107568296', TRUE),
(11, 29, 3, 20, '2023-07-27', 1, 15.0, '8909322912589', TRUE),
(99, 32, 1, 20, '2023-08-03', 1, 10.0, '1345452023112', TRUE),
(118, 29, 1, 20, '2023-07-24', 3, 5.0, '5192595521572', FALSE),
(42, 32, 3, 20, '2023-07-23', 3, 30.0, '5986889483021', TRUE),
(20, 28, 3, 19, '2023-07-29', 1, 15.0, '6386922326659', TRUE),
(62, 33, 3, 21, '2023-08-04', 2, 30.0, '9658122027808', TRUE),
(191, 32, 3, 20, '2023-07-24', 2, 30.0, '0822401908376', TRUE),
(4, 32, 1, 20, '2023-08-04', 2, 10.0, '6287166784117', TRUE),
(76, 36, 3, 24, '2024-07-27', 2, 15.0, '0797648438230', TRUE),
(202, 35, 1, 23, '2024-07-21', 2, 5.0, '0115624649218', TRUE),
(111, 35, 2, 23, '2024-08-10', 2, 10.0, '7611051193483', TRUE),
(183, 34, 1, 22, '2024-07-19', 3, 5.0, '7737866712729', TRUE),
(196, 35, 3, 23, '2024-07-20', 2, 15.0, '2643462457095', FALSE),
(197, 35, 2, 23, '2024-08-11', 2, 10.0, '5752229583738', TRUE),
(107, 35, 1, 23, '2024-07-16', 2, 5.0, '5756209875658', TRUE),
(161, 36, 2, 24, '2024-08-07', 2, 10.0, '1775972578022', TRUE),
(35, 35, 2, 23, '2024-07-16', 2, 10.0, '4456197871303', TRUE),
(1, 36, 3, 24, '2024-07-30', 2, 15.0, '5104297977775', TRUE),
(40, 34, 2, 22, '2024-07-30', 1, 10.0, '8474641067485', TRUE),
(28, 35, 3, 23, '2024-07-29', 1, 15.0, '6654411070386', TRUE),
(105, 34, 2, 22, '2024-07-29', 3, 10.0, '7892282723840', TRUE),
(8, 34, 3, 22, '2024-07-13', 2, 15.0, '1548561074364', TRUE),
(69, 35, 1, 23, '2024-07-18', 3, 5.0, '1787408600053', TRUE),
(26, 36, 1, 24, '2024-08-11', 1, 5.0, '4398592735242', TRUE),
(175, 35, 3, 23, '2024-08-05', 2, 15.0, '2619781464540', TRUE),
(155, 35, 3, 23, '2024-08-02', 2, 15.0, '5178589420366', TRUE),
(19, 35, 3, 23, '2024-08-10', 1, 15.0, '6949251455822', TRUE),
(90, 34, 2, 22, '2024-07-30', 1, 10.0, '9408120643565', TRUE),
(84, 34, 2, 22, '2024-07-26', 3, 10.0, '0702640537040', TRUE),
(15, 36, 3, 24, '2024-08-01', 3, 15.0, '7773802257147', TRUE),
(21, 34, 1, 22, '2024-07-26', 2, 5.0, '6678120843450', TRUE),
(171, 36, 1, 24, '2024-07-18', 1, 5.0, '1500464314600', TRUE),
(63, 36, 1, 24, '2024-07-30', 3, 5.0, '7181351753726', TRUE),
(79, 36, 1, 24, '2024-07-31', 3, 5.0, '9147457325257', TRUE),
(185, 36, 1, 24, '2024-08-07', 1, 5.0, '0593712418019', TRUE),
(174, 34, 2, 22, '2024-08-02', 3, 10.0, '1649246893487', TRUE),
(167, 35, 3, 23, '2024-08-03', 1, 15.0, '0852243640283', TRUE),
(92, 35, 1, 23, '2024-07-22', 1, 5.0, '8417814391420', TRUE),
(150, 35, 1, 23, '2024-07-13', 3, 5.0, '4664000455447', TRUE),
(31, 35, 1, 23, '2024-07-31', 2, 5.0, '9689702862407', TRUE),
(219, 35, 3, 23, '2024-07-25', 1, 15.0, '6614762884154', TRUE),
(217, 35, 3, 23, '2024-08-03', 2, 15.0, '4627646559771', TRUE),
(15, 34, 3, 22, '2024-07-27', 2, 15.0, '9478642347378', TRUE),
(113, 36, 1, 24, '2024-07-30', 1, 5.0, '4748518187947', TRUE),
(174, 35, 3, 23, '2024-08-03', 3, 15.0, '7200301999256', TRUE),
(7, 34, 3, 22, '2024-07-24', 1, 15.0, '5994643609585', TRUE),
(60, 35, 3, 23, '2024-07-25', 1, 15.0, '8715761855797', TRUE),
(61, 34, 1, 22, '2024-07-17', 3, 5.0, '5368757504080', TRUE),
(21, 35, 1, 23, '2024-08-03', 3, 5.0, '4169862478570', TRUE),
(176, 34, 3, 22, '2024-07-27', 2, 15.0, '7901588464919', TRUE),
(153, 35, 1, 23, '2024-07-16', 2, 5.0, '3662056619605', TRUE),
(75, 35, 3, 23, '2024-08-03', 1, 15.0, '4151746450699', TRUE),
(129, 35, 1, 23, '2024-08-07', 1, 5.0, '5895799382493', TRUE),
(164, 34, 3, 22, '2024-07-22', 1, 15.0, '4995173242416', TRUE),
(98, 34, 1, 22, '2024-07-25', 2, 5.0, '6262912514994', TRUE),
(39, 35, 3, 23, '2024-07-25', 2, 15.0, '9608244482838', TRUE),
(205, 34, 1, 22, '2024-08-05', 3, 5.0, '2337099913652', TRUE),
(164, 35, 3, 23, '2024-08-01', 2, 15.0, '1621006200107', TRUE),
(54, 35, 3, 23, '2024-07-28', 2, 15.0, '1600246099978', TRUE),
(51, 35, 3, 23, '2024-08-06', 3, 15.0, '8832685746507', FALSE),
(136, 34, 1, 22, '2024-07-25', 3, 5.0, '4756553425495', TRUE),
(185, 34, 3, 22, '2024-08-09', 2, 15.0, '7323195430849', TRUE),
(65, 35, 3, 23, '2024-07-21', 1, 15.0, '0227534777755', TRUE),
(144, 35, 1, 23, '2024-08-07', 2, 5.0, '6014333425116', TRUE),
(95, 35, 1, 23, '2024-07-23', 2, 5.0, '5886518273003', TRUE),
(88, 34, 1, 22, '2024-07-26', 3, 5.0, '9111598291610', TRUE),
(215, 34, 3, 22, '2024-07-25', 3, 15.0, '6097899578707', TRUE),
(5, 34, 1, 22, '2024-07-14', 2, 5.0, '1188032279052', TRUE),
(60, 34, 3, 22, '2024-07-13', 3, 15.0, '3275487165878', TRUE),
(200, 34, 1, 22, '2024-08-02', 1, 5.0, '8948016851127', TRUE),
(121, 34, 1, 22, '2024-07-23', 3, 5.0, '3692591133220', TRUE),
(206, 34, 1, 22, '2024-07-28', 3, 5.0, '4062994504404', TRUE),
(114, 34, 1, 22, '2024-07-13', 3, 5.0, '9020289800451', TRUE),
(203, 34, 3, 22, '2024-07-31', 3, 15.0, '0743530196559', TRUE),
(46, 34, 1, 22, '2024-07-31', 2, 5.0, '8121464422267', FALSE),
(39, 34, 3, 22, '2024-07-24', 3, 15.0, '0810054807600', TRUE),
(106, 34, 1, 22, '2024-08-04', 1, 5.0, '4113380157615', TRUE),
(167, 34, 1, 22, '2024-07-31', 2, 5.0, '9107670470294', FALSE),
(12, 34, 3, 22, '2024-08-07', 2, 15.0, '6296257290906', TRUE),
(33, 34, 1, 22, '2024-08-05', 2, 5.0, '1014173526616', TRUE),
(181, 34, 1, 22, '2024-08-03', 3, 5.0, '1328289486036', TRUE),
(128, 34, 3, 22, '2024-08-01', 1, 15.0, '7710069814009', TRUE),
(123, 34, 1, 22, '2024-08-07', 2, 5.0, '8638125524366', TRUE),
(25, 34, 3, 22, '2024-07-27', 3, 15.0, '0077111045043', TRUE),
(65, 34, 3, 22, '2024-07-26', 2, 15.0, '2631565903858', TRUE),
(180, 34, 1, 22, '2024-07-22', 3, 5.0, '2513133249017', TRUE),
(93, 34, 1, 22, '2024-07-16', 2, 5.0, '7585721684550', TRUE),
(95, 34, 1, 22, '2024-07-29', 1, 5.0, '0817110116741', TRUE);

INSERT INTO ticket (
    person_id,
    event_id,
    ticket_category_id,
    venue_id,
    purchase_date,
    purchase_method_id,
    price,
    EAN_13_code,
    activated
)
VALUES (
    37,
    2,
    1,  
    2,
    '2017-08-01',  
    1,  
    5.00,  
    '7463829104726', 
    TRUE
);

INSERT INTO ticket (
    person_id,
    event_id,
    ticket_category_id,
    venue_id,
    purchase_date,
    purchase_method_id,
    price,
    EAN_13_code,
    activated
)
VALUES (
    166,
    11,
    1,  
    8,
    '2019-08-01',  
    1,  
    5.00,  
    '9876543210987',  
    TRUE
);





/*tickets for future events 25 26*/

/*the first event in the small stages is sold out for the resale and every tickets is not activated*/

INSERT INTO ticket (
    person_id,
    event_id,
    ticket_category_id,
    venue_id,
    purchase_date,
    purchase_method_id,
    price,
    EAN_13_code,
    activated
) VALUES
(145, 39, 3, 27, CURRENT_DATE, 3, 15.0, '6960666485914', FALSE),
(120, 39, 2, 27, CURRENT_DATE, 1, 10.0, '8036610903328', FALSE),
(227, 39, 3, 27, CURRENT_DATE, 2, 15.0, '4174661221239', FALSE),
(181, 39, 3, 27, CURRENT_DATE, 2, 15.0, '6945162865617', FALSE),
(230, 39, 1, 27, CURRENT_DATE, 1, 5.0, '0955825042301', FALSE),
(71, 39, 1, 27, CURRENT_DATE, 2, 5.0, '0630805623747', FALSE),
(48, 39, 3, 27, CURRENT_DATE, 1, 15.0, '3078344769904', FALSE),
(47, 39, 3, 27, CURRENT_DATE, 2, 15.0, '8538121585957', FALSE),
(175, 39, 3, 27, CURRENT_DATE, 2, 15.0, '1284813858565', FALSE),
(190, 39, 1, 27, CURRENT_DATE, 3, 5.0, '9037292850057', FALSE),
(29, 38, 1, 26, CURRENT_DATE, 2, 5.0, '6933284950798', FALSE),
(92, 41, 1, 26, CURRENT_DATE, 3, 10.0, '7090848544819', FALSE),
(23, 38, 2, 26, CURRENT_DATE, 1, 10.0, '3649446636333', FALSE),
(96, 42, 1, 27, CURRENT_DATE, 2, 10.0, '5679108213575', FALSE),
(33, 42, 1, 27, CURRENT_DATE, 3, 10.0, '6623103954783', FALSE),
(229, 38, 1, 26, CURRENT_DATE, 1, 5.0, '0105546046928', FALSE),
(128, 42, 3, 27, CURRENT_DATE, 2, 30.0, '6448024284342', FALSE),
(149, 37, 1, 25, CURRENT_DATE, 2, 5.0, '2896983509260', FALSE),
(82, 37, 1, 25, CURRENT_DATE, 3, 5.0, '5784119071123', FALSE),
(60, 37, 1, 25, CURRENT_DATE, 2, 5.0, '7787506616196', FALSE),
(98, 38, 3, 26, CURRENT_DATE, 1, 15.0, '3834066235577', FALSE),
(88, 38, 2, 26, CURRENT_DATE, 1, 10.0, '0298130487848', FALSE),
(85, 42, 2, 27, CURRENT_DATE, 1, 20.0, '3454929400667', FALSE),
(228, 40, 1, 25, CURRENT_DATE, 2, 10.0, '0653874257094', FALSE),
(20, 40, 2, 25, CURRENT_DATE, 1, 20.0, '3654464314567', FALSE),
(58, 38, 2, 26, CURRENT_DATE, 2, 10.0, '4170234108771', FALSE),
(180, 38, 3, 26, CURRENT_DATE, 2, 15.0, '7237085868048', FALSE),
(146, 38, 1, 26, CURRENT_DATE, 3, 5.0, '6525682197630', FALSE),
(116, 42, 3, 27, CURRENT_DATE, 3, 30.0, '3582292616742', FALSE),
(234, 38, 3, 26, CURRENT_DATE, 2, 15.0, '7253920527550', FALSE),
(192, 45, 2, 30, CURRENT_DATE, 3, 10.0, '6166375715391', FALSE),
(17, 45, 1, 30, CURRENT_DATE, 1, 5.0, '1090491694370', FALSE),
(159, 45, 3, 30, CURRENT_DATE, 3, 15.0, '9182706749626', FALSE),
(75, 45, 3, 30, CURRENT_DATE, 3, 15.0, '8347908400208', FALSE),
(217, 45, 1, 30, CURRENT_DATE, 1, 5.0, '5650560446266', FALSE),
(151, 45, 3, 30, CURRENT_DATE, 2, 15.0, '1671343496857', FALSE),
(232, 45, 3, 30, CURRENT_DATE, 2, 15.0, '2738351576149', FALSE),
(34, 45, 1, 30, CURRENT_DATE, 2, 5.0, '4926131852470', FALSE),
(73, 45, 1, 30, CURRENT_DATE, 1, 5.0, '4026515149309', FALSE),
(25, 45, 1, 30, CURRENT_DATE, 1, 5.0, '3688298073620', FALSE),
(24, 43, 1, 28, CURRENT_DATE, 2, 5.0, '0679749563937', FALSE),
(130, 44, 2, 29, CURRENT_DATE, 1, 10.0, '9590261708799', FALSE),
(14, 44, 2, 29, CURRENT_DATE, 2, 10.0, '5056581952442', FALSE),
(156, 43, 2, 28, CURRENT_DATE, 1, 10.0, '2181054784860', FALSE),
(177, 43, 2, 28, CURRENT_DATE, 3, 10.0, '2270917876416', FALSE),
(235, 43, 3, 28, CURRENT_DATE, 3, 15.0, '6161825586602', FALSE),
(125, 43, 1, 28, CURRENT_DATE, 2, 5.0, '1879241767517', FALSE),
(179, 43, 1, 28, CURRENT_DATE, 2, 5.0, '3487738953512', FALSE),
(62, 43, 3, 28, CURRENT_DATE, 1, 15.0, '0770591723707', FALSE),
(1, 44, 3, 29, CURRENT_DATE, 3, 15.0, '7280541680992', FALSE),
(205, 43, 1, 28, CURRENT_DATE, 1, 5.0, '6176601356553', FALSE),
(193, 43, 3, 28, CURRENT_DATE, 1, 15.0, '3959378376902', FALSE),
(91, 43, 3, 28, CURRENT_DATE, 3, 15.0, '1673171591486', FALSE),
(246, 43, 3, 28, CURRENT_DATE, 1, 15.0, '5312382919336', FALSE),
(53, 43, 2, 28, CURRENT_DATE, 2, 10.0, '7775045375274', FALSE),
(209, 44, 1, 29, CURRENT_DATE, 1, 5.0, '1431677764952', FALSE),
(27, 44, 2, 29, CURRENT_DATE, 1, 10.0, '3100562287610', FALSE),
(36, 43, 2, 28, CURRENT_DATE, 1, 10.0, '7347381645845', FALSE),
(67, 43, 3, 28, CURRENT_DATE, 2, 15.0, '9020548327576', FALSE),
(105, 44, 3, 29, CURRENT_DATE, 3, 15.0, '5359424909102', FALSE);

/*needed to delete these 5 for resale queue implementation*/

DELETE FROM ticket
WHERE ticket_id in(656, 657, 659, 665, 671);


/*there is no insert for reviews, it was made completely with python with database connection*/



/*RESALE*/

/*Insert resale offers (tickets become available for resale)*/

INSERT INTO resale_offer (ticket_id, status_id)
VALUES (643, (SELECT status_id FROM resale_status WHERE status_name = 'available'));

INSERT INTO resale_offer (ticket_id, status_id)
VALUES (644, (SELECT status_id FROM resale_status WHERE status_name = 'available'));

INSERT INTO resale_offer (ticket_id, status_id)
VALUES (647, (SELECT status_id FROM resale_status WHERE status_name = 'available'));

INSERT INTO resale_offer (ticket_id, status_id)
VALUES (673, (SELECT status_id FROM resale_status WHERE status_name = 'available'));

INSERT INTO resale_offer (ticket_id, status_id)
VALUES (674, (SELECT status_id FROM resale_status WHERE status_name = 'available'));


/*Insert resale requests (buyers request tickets) */


INSERT INTO ticket_resale_request (person_id, event_id, ticket_category_id, specific_ticket_id)
VALUES (90, 39, 3, 643);  /* specific */

INSERT INTO ticket_resale_request (person_id, event_id, ticket_category_id, specific_ticket_id)
VALUES (91, 39, 2, 644);  /* specific */

INSERT INTO ticket_resale_request (person_id, event_id, ticket_category_id, specific_ticket_id)
VALUES (92, 39, 1, NULL); /* general request (event, category) */

INSERT INTO ticket_resale_request (person_id, event_id, ticket_category_id, specific_ticket_id)
VALUES (93, 45, 2, NULL); /* general request (event, category) */

INSERT INTO ticket_resale_request (person_id, event_id, ticket_category_id, specific_ticket_id)
VALUES (94, 39, 1, 647);  /* specific */

INSERT INTO ticket_resale_request (person_id, event_id, ticket_category_id, specific_ticket_id)
VALUES (95, 39, 2, NULL); /* general request (event, category) */

INSERT INTO ticket_resale_request (person_id, event_id, ticket_category_id, specific_ticket_id)
VALUES (96, 45, 2, 673);  /* specific */

INSERT INTO ticket_resale_request (person_id, event_id, ticket_category_id, specific_ticket_id)
VALUES (97, 45, 1, NULL); /* general request (event, category) */

INSERT INTO ticket_resale_request (person_id, event_id, ticket_category_id, specific_ticket_id)
VALUES (98, 39, 3, NULL); /* general request (event, category) */

INSERT INTO ticket_resale_request (person_id, event_id, ticket_category_id, specific_ticket_id)
VALUES (99, 45, 1, 674);  /* specific */
